STATION,EVENT,PRESSURE,SAMPLE_ID,Oxy_CTD_P,Oxy_CTD_S,Oxy_W_Rep1,Oxy_W_Rep2
HL_00,1,64.892,503022,6.8375,6.5999,
HL_00,1,64.954,503023,6.8268,6.6094,
HL_00,1,64.958,503024,6.8362,6.6005,
HL_00,1,64.942,503025,6.8329,6.5971,
HL_00,1,64.921,503026,6.8205,6.6033,
HL_00,1,64.907,503027,6.8183,6.5913,
HL_00,1,64.905,503028,6.8251,6.5984,
HL_00,1,64.924,503029,6.8199,6.6088,
HL_00,1,64.942,503030,6.8249,6.6011,
HL_00,1,64.930,503031,6.822,6.597,
HL_00,1,64.924,503032,6.8176,6.591,
HL_00,1,64.921,503033,6.8185,6.6029,
HL_01,4,84.016,503036,7.7467,7.5071,7.814
HL_01,4,61.102,503037,8.2068,7.9421,
HL_01,4,50.004,503038,8.2773,8.011,
HL_01,4,40.096,503039,8.3065,8.0352,
HL_01,4,30.124,503040,8.403,8.1266,
HL_01,4,20.003,503041,8.4602,8.1866,
HL_01,4,10.050,503042,8.5078,8.2161,8.496,8.49
HL_01,4,1.564,503043,8.4897,8.1958,
HL_02,9,142.424,503046,5.3649,5.2244,5.452,5.459
HL_02,9,98.670,503047,6.6812,6.4593,
HL_02,9,80.269,503048,7.0902,6.8623,
HL_02,9,60.787,503049,7.7309,7.4893,
HL_02,9,49.984,503050,7.7345,7.5083,
HL_02,9,39.989,503051,8.0987,7.8577,
HL_02,9,30.053,503052,8.5151,8.2549,
HL_02,9,20.087,503053,8.5828,8.3431,
HL_02,9,10.077,503054,8.7597,8.4913,8.711
HL_02,9,1.813,503055,6.5535,6.421,
HL_03,11,261.870,503057,4.0717,3.9702,4.169,4.196
HL_03,11,201.137,503058,4.061,3.9482,
HL_03,11,100.131,503059,5.3707,5.2352,
HL_03,11,80.164,503060,5.9573,5.7947,
HL_03,11,61.338,503061,7.0024,6.8009,
HL_03,11,50.199,503062,7.2561,7.0378,
HL_03,11,40.096,503063,7.5678,7.33,
HL_03,11,30.049,503064,7.6123,7.3881,
HL_03,11,19.915,503065,7.6358,7.4248,
HL_03,11,10.041,503066,7.627,7.4065,7.68
HL_03,11,2.805,503067,7.6384,7.4149,
HL_03.3,13,198.507,503069,3.9358,3.8371,4.055
HL_03.3,13,100.793,503070,5.5487,5.4099,
HL_03.3,13,80.387,503071,6.7136,6.5245,
HL_03.3,13,60.192,503072,7.445,7.2335,
HL_03.3,13,49.697,503073,7.5667,7.3411,
HL_03.3,13,40.040,503074,7.5728,7.3646,
HL_03.3,13,29.902,503075,7.6105,7.3895,
HL_03.3,13,20.209,503076,7.5407,7.3295,
HL_03.3,13,9.811,503077,7.5244,7.3227,7.589,7.587
HL_03.3,13,2.281,503078,7.5327,7.321,
HL_04,16,75.700,503080,6.0159,5.8513,6.106,6.08
HL_04,16,59.750,503081,7.2754,7.072,
HL_04,16,51.412,503082,7.4688,7.2656,
HL_04,16,40.075,503083,7.4399,7.2175,
HL_04,16,30.440,503084,7.4363,7.2081,
HL_04,16,20.304,503085,7.4402,7.2275,
HL_04,16,10.223,503086,7.442,7.2232,7.537
HL_04,16,2.051,503087,7.4264,7.2155,
HL_05,18,94.068,503089,6.0216,5.9144,6.144
HL_05,18,79.897,503090,6.0977,5.9816,
HL_05,18,59.733,503091,7.3517,7.1918,
HL_05,18,51.286,503092,7.4633,7.3012,
HL_05,18,40.648,503093,7.6079,7.4406,
HL_05,18,31.321,503094,7.7133,7.5447,
HL_05,18,20.380,503095,7.8746,7.7208,
HL_05,18,9.943,503096,7.8701,7.7048,7.94,7.937
HL_05,18,2.889,503097,7.8648,7.6998,
HL_05.5,20,405.786,503099,4.3271,4.2481,4.418,4.421
HL_05.5,20,252.416,503100,4.472,4.4273,4.807
HL_05.5,20,101.974,503101,6.0183,5.9217,
HL_05.5,20,80.392,503102,6.9951,6.844,
HL_05.5,20,60.598,503103,7.8539,7.6863,
HL_05.5,20,50.145,503104,8.0896,7.8805,
HL_05.5,20,41.011,503105,8.1154,7.9414,
HL_05.5,20,30.963,503106,8.1061,7.9378,
HL_05.5,20,20.670,503107,8.1103,7.9467,
HL_05.5,20,9.677,503108,8.1103,7.936,8.063
HL_05.5,20,4.639,503109,8.1165,7.9498,
HL_06,22,1122.566,503111,5.9357,5.8577,6.096
HL_06,22,998.581,503112,5.84,5.7801,6.015
HL_06,22,899.286,503113,5.8184,5.7419,5.971
HL_06,22,750.697,503114,5.6617,5.5902,5.8
HL_06,22,503.353,503115,4.6951,4.6303,4.804
HL_06,22,251.331,503116,4.6978,4.6496,4.84
HL_06,22,151.287,503117,5.7092,5.6319,
HL_06,22,100.216,503118,6.4824,6.3631,
HL_06,22,79.621,503119,6.9182,6.7708,
HL_06,22,59.884,503120,7.7639,7.5775,
HL_06,22,49.386,503121,7.9251,7.755,7.971
HL_06,22,40.907,503122,8.0018,7.8333,
HL_06,23,30.583,503123,8.2163,8.0292,
HL_06,23,20.354,503124,8.1193,7.9482,
HL_06,23,10.730,503125,8.1181,7.9465,8.164,8.175
HL_06,23,3.692,503126,8.1163,7.9419,
HL_07,25,1498.891,503128,6.0295,5.9788,6.2
HL_07,25,1252.084,503129,6.0177,5.9502,6.169
HL_07,25,1001.723,503130,5.8919,5.8357,6.034
HL_07,25,751.002,503131,5.6657,5.5955,5.779
HL_07,25,502.022,503132,5.0134,4.9626,5.146
HL_07,25,250.347,503133,5.2676,5.214,5.356
HL_07,25,149.615,503134,4.1772,4.1258,
HL_07,25,99.332,503135,6.1801,6.0762,
HL_07,25,81.501,503136,6.5761,6.4594,
HL_07,25,59.818,503137,7.2655,7.1224,
HL_07,25,48.697,503138,7.5115,7.3761,7.603
HL_07,25,41.003,503139,7.7703,7.6457,
HL_07,26,28.233,503140,8.2992,8.1469,
HL_07,26,18.236,503141,8.305,8.1418,
HL_07,26,10.548,503142,8.3204,8.1576,8.367
HL_07,26,5.750,503143,8.3182,8.1601,
HL_06.7,29,1497.140,503145,5.9677,5.9122,6.168
HL_06.7,29,1258.564,503146,5.9841,5.9222,6.142
HL_06.7,29,1003.530,503147,5.8267,5.7775,5.967
HL_06.7,29,755.325,503148,5.2711,5.216,5.41
HL_06.7,29,501.765,503149,4.8304,4.7838,4.963
HL_06.7,29,250.673,503150,5.3446,5.3014,5.537
HL_06.7,29,153.637,503151,5.5703,5.5418,
HL_06.7,29,99.086,503152,5.9614,5.8945,
HL_06.7,29,79.400,503153,6.8505,6.7388,
HL_06.7,29,59.174,503154,7.9208,7.7839,
HL_06.7,29,50.529,503155,8.0428,7.8964,8.002
HL_06.7,29,40.021,503156,8.1732,8.0419,
HL_06.7,30,30.925,503157,8.29,8.1478,
HL_06.7,30,19.181,503158,8.391,8.2416,
HL_06.7,30,9.442,503159,8.4094,8.2409,8.421,8.794
HL_06.7,30,4.646,503160,8.3941,8.2292,
HL_06.3,32,1493.619,503162,5.989,5.9382,
HL_06.3,32,993.973,503163,5.8989,5.8284,6.053
HL_06.3,32,749.768,503164,5.7197,5.6579,
HL_06.3,32,510.554,503165,5.0,4.9148,5.1
HL_06.3,32,254.938,503166,5.2176,5.1406,5.292
HL_06.3,32,152.034,503167,4.4971,4.4688,
HL_06.3,32,104.339,503168,5.6424,5.5793,
HL_06.3,32,84.084,503169,6.7713,6.6551,
HL_06.3,32,61.895,503170,7.8385,7.6702,
HL_06.3,32,49.791,503171,8.171,7.9995,
HL_06.3,32,38.696,503172,8.2547,8.0914,
HL_06.3,32,29.420,503173,8.2654,8.1039,
HL_06.3,33,18.742,503174,8.2134,8.062,
HL_06.3,33,10.249,503175,8.239,8.0515,8.287
HL_06.3,33,3.162,503176,8.2239,8.0388,
YL_01,35,69.360,503178,7.3369,7.1649,7.746,7.386
YL_01,35,50.313,503179,7.3544,7.1827,
YL_01,35,40.916,503180,7.3527,7.2083,
YL_01,35,30.533,503181,7.3699,7.2086,
YL_01,35,19.521,503182,7.4064,7.2307,
YL_01,35,9.403,503183,7.4518,7.2753,7.498
YL_01,35,2.915,503184,7.4519,7.277,
YL_02,38,116.661,503186,6.8338,6.7018,6.904
YL_02,38,99.072,503187,6.8496,6.6873,
YL_02,38,82.076,503188,6.8883,6.7478,
YL_02,38,60.132,503189,7.1438,6.9651,
YL_02,38,49.576,503190,7.2026,7.0302,
YL_02,38,40.068,503191,7.2274,7.0571,
YL_02,38,31.173,503192,7.2395,7.0728,
YL_02,38,20.870,503193,7.263,7.1134,
YL_02,38,10.743,503194,7.3058,7.1442,7.338,7.344
YL_02,38,3.945,503195,7.306,7.1362,
YL_03,40,204.433,503197,4.7959,4.7207,5.131,4.877
YL_03,40,151.155,503198,4.945,4.846,
YL_03,40,99.800,503199,6.0471,5.9161,
YL_03,40,81.279,503200,6.5285,6.3864,
YL_03,40,60.562,503201,6.8856,6.7304,
YL_03,40,49.092,503202,7.0098,6.8562,
YL_03,40,40.222,503203,7.19,7.0302,
YL_03,40,30.865,503204,7.2001,7.0433,
YL_03,40,20.025,503205,7.2122,7.0517,
YL_03,40,9.226,503206,7.2246,7.0694,7.277
YL_03,40,4.153,503207,7.2346,7.0647,
YL_04,42,236.477,503209,3.9296,3.8577,4.016
YL_04,42,151.525,503210,4.1074,4.0372,
YL_04,42,99.975,503211,5.0944,4.9933,
YL_04,42,81.737,503212,6.2119,6.0674,
YL_04,42,59.059,503213,7.1038,6.9402,
YL_04,42,50.411,503214,7.1705,7.0099,
YL_04,42,40.264,503215,7.1866,7.0044,
YL_04,42,29.837,503216,7.2415,7.0734,
YL_04,42,20.637,503217,7.2517,7.1121,
YL_04,42,10.530,503218,7.2369,7.0938,7.303,7.306
YL_04,42,3.104,503219,7.2595,7.1034,
YL_05,45,174.205,503221,3.7989,3.7373,4.106,3.893
YL_05,45,150.337,503222,4.1088,4.0314,
YL_05,45,100.900,503223,5.3121,5.1913,
YL_05,45,80.039,503224,5.7651,5.6658,
YL_05,45,60.691,503225,6.5051,6.369,
YL_05,45,49.474,503226,6.7091,6.578,
YL_05,45,39.892,503227,6.9948,6.8522,
YL_05,45,30.037,503228,7.043,6.9037,
YL_05,45,19.915,503229,7.0962,6.9454,
YL_05,45,9.915,503230,7.1089,6.9711,7.184
YL_05,45,2.450,503231,7.1416,6.963,
YL_06,47,123.991,503233,6.1047,5.9841,6.201
YL_06,47,100.939,503234,6.6875,6.5408,
YL_06,47,79.997,503235,6.7402,6.6092,
YL_06,47,59.819,503236,7.015,6.8755,
YL_06,47,50.216,503237,7.015,6.873,
YL_06,47,40.527,503238,7.011,6.8835,
YL_06,47,31.038,503239,7.0393,6.916,
YL_06,47,19.411,503240,7.059,6.9199,
YL_06,47,10.274,503241,7.0494,6.9277,7.112,7.104
YL_06,47,2.367,503242,7.032,6.8925,
YL_07,49,140.308,503244,4.5488,4.4569,4.639,4.663
YL_07,49,100.938,503245,5.8739,5.7477,
YL_07,49,81.434,503246,6.6526,6.4941,
YL_07,49,60.457,503247,7.115,6.9632,
YL_07,49,49.428,503248,7.142,6.9994,
YL_07,49,39.829,503249,7.1907,7.0574,
YL_07,49,29.851,503250,7.2495,7.0933,
YL_07,49,19.834,503251,7.2514,7.101,
YL_07,49,10.410,503252,7.2486,7.0871,7.3
YL_07,49,2.450,503253,7.25,7.0816,
YL_08,51,135.508,503255,4.1519,4.0685,4.25
YL_08,51,100.788,503256,4.7505,4.6709,
YL_08,51,79.966,503257,5.525,5.4137,
YL_08,51,59.444,503258,6.5243,6.382,
YL_08,51,50.216,503259,7.051,6.9177,
YL_08,51,40.997,503260,7.1614,7.0107,
YL_08,51,29.708,503261,7.1742,7.0245,
YL_08,51,19.345,503262,7.1669,7.0386,
YL_08,51,9.688,503263,7.1797,7.0387,7.598,7.25
YL_08,51,2.847,503264,7.1889,7.0304,
YL_09,53,82.756,503266,6.0596,5.9398,6.143,6.137
YL_09,53,59.762,503267,6.3863,6.2515,
YL_09,53,49.775,503268,6.6955,6.5559,
YL_09,53,39.609,503269,6.6333,6.4777,
YL_09,53,30.689,503270,6.9181,6.7655,
YL_09,53,19.809,503271,7.0903,6.939,
YL_09,53,9.597,503272,7.1654,7.0001,7.202
YL_09,53,2.586,503273,7.2243,7.0917,
YL_10,55,120.511,503275,5.8765,5.7559,5.963
YL_10,55,80.398,503276,6.9685,6.8244,
YL_10,55,60.324,503277,6.9323,6.7904,
YL_10,55,50.192,503278,6.9668,6.8085,
YL_10,55,40.547,503279,6.9487,6.809,
YL_10,55,29.932,503280,7.0148,6.8737,
YL_10,55,20.061,503281,7.0924,6.9513,
YL_10,55,10.038,503282,7.1841,7.0362,7.191,7.203
YL_10,55,2.314,503283,7.2795,7.1485,
PL_01,57,130.769,503285,4.5149,4.436,4.664,4.641
PL_01,57,100.160,503286,5.6874,5.5767,
PL_01,57,80.077,503287,6.248,6.1138,
PL_01,57,60.383,503288,6.7368,6.5904,
PL_01,57,49.558,503289,6.8029,6.6595,
PL_01,57,39.787,503290,6.8161,6.6814,
PL_01,57,30.130,503291,7.0677,6.915,
PL_01,57,19.693,503292,7.128,6.9735,
PL_01,57,10.079,503293,7.1575,7.0426,7.217
PL_01,57,2.085,503294,7.1784,7.0287,
PL_02,59,159.771,503296,4.4688,4.3878,4.561
PL_02,59,100.787,503297,6.3271,6.1896,
PL_02,59,80.953,503298,6.888,6.7286,
PL_02,59,60.897,503299,7.0687,6.9389,
PL_02,59,50.556,503300,7.1318,6.9885,
PL_02,59,40.683,503301,7.1375,6.9879,
PL_02,59,29.862,503302,7.1604,7.0165,
PL_02,59,20.348,503303,7.1744,7.037,
PL_02,59,10.914,503304,7.1999,7.0837,7.266,7.263
PL_02,59,2.946,503305,7.1942,7.0557,
PL_03,61,168.732,503307,4.5124,4.4308,4.595,4.604
PL_03,61,150.550,503308,4.5279,4.4343,
PL_03,61,100.671,503309,5.7314,5.6172,
PL_03,61,80.733,503310,6.4695,6.3432,
PL_03,61,59.572,503311,6.9096,6.7781,
PL_03,61,49.525,503312,7.1135,6.969,
PL_03,61,41.083,503313,7.1598,7.0018,
PL_03,61,30.799,503314,7.1624,7.0365,
PL_03,61,20.467,503315,7.216,7.0707,
PL_03,61,10.156,503316,7.1854,7.0426,7.257
PL_03,61,3.419,503317,7.1821,7.0513,
PL_04,63,198.086,503319,4.2257,4.1508,4.297
PL_04,63,150.453,503320,4.1662,4.0908,
PL_04,63,100.594,503321,5.8172,5.7043,
PL_04,63,80.129,503322,6.9928,6.8397,
PL_04,63,60.690,503323,7.2017,7.0507,
PL_04,63,50.651,503324,7.2179,7.0883,
PL_04,63,39.508,503325,7.2353,7.0922,
PL_04,63,30.063,503326,7.2686,7.1236,
PL_04,63,20.155,503327,7.3071,7.1561,
PL_04,63,10.529,503328,7.2367,7.0929,7.313,7.32
PL_04,63,3.300,503329,7.2379,7.0904,
PL_05,65,173.733,503331,4.4602,4.3727,4.564,4.637
PL_05,65,100.456,503332,4.4703,4.3943,
PL_05,65,80.257,503333,6.0025,5.8965,
PL_05,65,60.620,503334,6.9172,6.761,
PL_05,65,49.741,503335,7.1279,7.0027,
PL_05,65,40.003,503336,7.2086,7.0615,
PL_05,65,29.969,503337,7.2375,7.099,
PL_05,65,19.675,503338,7.2279,7.0948,
PL_05,65,10.583,503339,7.2744,7.1316,7.338
PL_05,65,2.898,503340,7.2471,7.1303,
PL_06,67,188.634,503342,4.7493,4.6649,4.848
PL_06,67,150.733,503343,5.296,5.2093,
PL_06,67,100.509,503344,5.746,5.647,
PL_06,67,80.155,503345,6.0436,5.935,
PL_06,67,60.836,503346,6.9464,6.7968,
PL_06,67,50.060,503347,7.0767,6.9289,
PL_06,67,39.742,503348,7.115,7.0029,
PL_06,67,30.690,503349,7.2223,7.0702,
PL_06,67,20.197,503350,7.2364,7.1111,
PL_06,67,10.123,503351,7.2126,7.074,7.299,7.29
PL_06,67,3.029,503352,7.2192,7.092,
PL_07,69,285.555,503354,4.4654,4.385,4.624,4.58
PL_07,69,249.868,503355,4.4653,4.384,4.558
PL_07,69,149.969,503356,5.2525,5.16,
PL_07,69,99.762,503357,6.1485,6.0492,
PL_07,69,80.271,503358,6.6879,6.5597,
PL_07,69,59.126,503359,7.1155,6.9777,
PL_07,69,49.917,503360,7.3246,7.1579,
PL_07,69,39.576,503361,7.3312,7.1837,
PL_07,69,30.200,503362,7.3658,7.2256,
PL_07,69,19.387,503363,7.3783,7.2314,
PL_07,69,9.976,503364,7.2758,7.1231,7.336
PL_07,69,2.146,503365,7.2113,7.069,
PL_08,71,324.917,503367,4.4346,4.3596,4.538
PL_08,71,249.555,503368,4.3502,4.2806,4.467
PL_08,71,149.914,503369,4.7189,4.6518,
PL_08,71,99.762,503370,5.5002,5.4073,
PL_08,71,79.583,503371,5.661,5.5662,
PL_08,71,59.657,503372,6.2753,6.1417,
PL_08,71,49.674,503373,6.7459,6.6064,
PL_08,71,40.771,503374,6.9959,6.8404,
PL_08,71,30.263,503375,7.1999,7.0636,
PL_08,71,19.963,503376,7.2958,7.1395,
PL_08,71,9.454,503377,7.3183,7.1843,7.721,7.386
PL_08,71,2.736,503378,7.302,7.1633,
PL_09,73,264.156,503380,4.8045,4.7234,4.905,4.895
PL_09,73,249.628,503381,4.7973,4.7154,4.885
PL_09,73,150.615,503382,4.7556,4.6893,
PL_09,73,99.556,503383,5.9902,5.9041,
PL_09,73,79.149,503384,6.2994,6.2001,
PL_09,73,59.906,503385,6.5194,6.3989,
PL_09,73,49.958,503386,6.7389,6.6183,
PL_09,73,40.360,503387,6.975,6.8649,
PL_09,73,29.914,503388,7.212,7.085,
PL_09,73,19.921,503389,7.6617,7.5367,
PL_09,73,9.730,503390,7.6954,7.5485,7.761
PL_09,73,2.267,503391,7.7409,7.5973,
HL_02,76,159.012,503394,4.7874,4.7176,4.85,4.851
HL_02,76,99.396,503395,6.0061,5.8922,
HL_02,76,80.249,503396,6.4345,6.309,
HL_02,76,60.772,503397,6.9071,6.7592,
HL_02,76,50.234,503398,7.0986,6.9298,
HL_02,76,40.324,503399,7.2353,7.1062,
HL_02,76,30.827,503400,7.4199,7.2656,
HL_02,76,20.276,503401,7.9783,7.8335,
HL_02,76,10.305,503402,8.1851,8.0562,8.257
HL_02,76,2.811,503403,8.3003,8.143,
BBL_01,78,63.661,503405,4.5074,7.0341,7.198
BBL_01,78,50.671,503406,4.3294,7.5884,
BBL_01,78,40.688,503407,4.3927,7.8315,
BBL_01,78,30.935,503408,4.3476,7.8814,
BBL_01,78,20.730,503409,4.2396,8.1021,
BBL_01,78,11.036,503410,4.0949,8.225,8.399,8.416
BBL_01,78,2.746,503411,3.9255,8.3327,
BBL_02,80,114.102,503413,7.0362,6.889,7.39,7.058
BBL_02,80,80.001,503414,7.1553,7.0209,
BBL_02,80,60.497,503415,7.27,7.1185,
BBL_02,80,50.680,503416,7.4603,7.3147,
BBL_02,80,40.780,503417,7.5555,7.4503,
BBL_02,80,30.455,503418,7.7697,7.6296,
BBL_02,80,20.739,503419,8.443,8.2927,
BBL_02,80,10.968,503420,8.865,8.7096,8.713
BBL_02,80,2.997,503421,8.7573,8.6024,
BBL_03,82,103.466,503423,6.9573,6.8424,6.995
BBL_03,82,79.891,503424,7.1577,7.0411,
BBL_03,82,60.315,503425,7.5471,7.4134,
BBL_03,82,50.470,503426,7.6488,7.5319,
BBL_03,82,40.245,503427,7.8728,7.7284,
BBL_03,82,30.586,503428,7.9853,7.8853,
BBL_03,82,21.012,503429,8.5238,8.4195,
BBL_03,82,10.839,503430,8.8796,8.7888,8.799,8.796
BBL_03,82,2.215,503431,8.7128,8.6306,
BBL_04,84,96.967,503433,6.8587,6.7604,7.219,6.887
BBL_04,84,79.700,503434,6.8516,6.7711,
BBL_04,84,59.798,503435,6.8542,6.7654,
BBL_04,84,49.936,503436,6.8668,6.7796,
BBL_04,84,39.852,503437,6.9266,6.845,
BBL_04,84,30.240,503438,7.0749,6.9605,
BBL_04,84,20.015,503439,7.5533,7.442,
BBL_04,84,10.217,503440,8.5934,8.5006,8.305
BBL_04,84,2.109,503441,8.8569,8.7745,
BBL_05,86,196.204,503443,4.1655,4.1464,4.264
BBL_05,86,149.924,503444,4.7931,4.761,
BBL_05,86,99.767,503445,5.734,5.7103,
BBL_05,86,80.114,503446,5.981,5.9514,
BBL_05,86,59.215,503447,6.7414,6.6804,
BBL_05,86,50.258,503448,6.7682,6.7035,
BBL_05,86,39.169,503449,7.0593,6.9698,
BBL_05,86,30.327,503450,8.826,8.7371,
BBL_05,86,19.825,503451,8.9819,8.9002,
BBL_05,86,9.946,503452,8.999,8.9243,9.056,9.038
BBL_05,86,2.252,503453,8.938,8.8888,
BBL_06,88,1208.049,503455,5.8852,5.8636,6.03,6.027
BBL_06,88,990.564,503456,5.7668,5.7249,
BBL_06,88,755.677,503457,5.5118,5.5146,
BBL_06,88,507.079,503458,4.8191,4.8113,
BBL_06,88,250.275,503459,3.5502,3.5618,3.676
BBL_06,88,151.508,503460,3.9842,4.0031,
BBL_06,88,100.163,503461,5.5687,5.583,
BBL_06,88,79.979,503462,5.8316,5.8359,
BBL_06,88,60.298,503463,5.7687,5.763,
BBL_06,88,49.696,503464,5.7143,5.7151,
BBL_06,88,40.082,503465,5.6617,5.6692,
BBL_06,88,30.067,503466,5.6943,5.695,
BBL_06,89,19.680,503467,7.6552,7.5245,
BBL_06,89,10.046,503468,8.0729,8.0614,8.073
BBL_06,89,1.846,503469,8.0159,8.0121,
BBL_07,91,1499.382,503471,5.9769,5.9581,6.164
BBL_07,91,1002.433,503472,5.6221,5.6126,
BBL_07,91,752.306,503473,5.4177,5.3981,
BBL_07,91,508.040,503474,5.0669,5.0338,
BBL_07,91,252.076,503475,3.7092,3.7223,3.772
BBL_07,91,153.090,503476,3.8153,3.8079,
BBL_07,91,99.861,503477,4.6519,4.6257,
BBL_07,91,82.576,503478,4.7393,4.7318,
BBL_07,91,60.131,503479,5.8998,5.859,
BBL_07,91,50.076,503480,6.1061,6.0874,
BBL_07,91,39.799,503481,6.315,6.2851,
BBL_07,91,30.402,503482,6.5048,6.4495,
BBL_07,92,19.810,503483,7.625,7.583,
BBL_07,92,9.843,503484,7.9044,7.8613,8.024,8.032
BBL_07,92,2.554,503485,7.9136,7.8736,
NEC_10,94,87.184,503487,5.9751,5.9442,6.071
NEC_10,94,75.162,503488,6.0147,5.97,
NEC_10,94,60.081,503489,6.2349,6.1824,
NEC_10,94,49.957,503490,6.5019,6.4543,
NEC_10,94,40.344,503491,6.8842,6.8248,
NEC_10,94,30.436,503492,7.1691,7.1181,
NEC_10,94,20.724,503493,7.2564,7.192,
NEC_10,94,10.778,503494,7.3638,7.3037,7.423,7.437
NEC_10,94,2.355,503495,7.306,7.2576,
NEC_09,95,91.107,503496,5.5468,5.5065,5.629
NEC_09,95,74.723,503497,5.5585,5.5288,
NEC_09,95,59.885,503498,6.6368,6.5861,
NEC_09,95,50.045,503499,6.98,6.9287,
NEC_09,95,40.647,503500,7.1979,7.151,
NEC_09,95,30.138,503501,7.2438,7.2108,
NEC_09,95,20.773,503502,7.3317,7.2749,
NEC_09,95,10.350,503503,7.304,7.2758,7.419
NEC_09,95,2.232,503504,7.3018,7.2653,
NEC_08,97,197.597,503506,4.6677,4.6361,4.766
NEC_08,97,173.123,503507,4.5722,4.5562,
NEC_08,97,150.319,503508,4.5518,4.5324,
NEC_08,97,125.618,503509,4.9162,4.8984,
NEC_08,97,100.529,503510,5.5281,5.5188,
NEC_08,97,75.294,503511,6.1538,6.1019,
NEC_08,97,60.003,503512,6.1018,6.0661,
NEC_08,97,50.718,503513,6.3708,6.342,
NEC_08,97,40.320,503514,6.8935,6.8568,
NEC_08,97,30.110,503515,7.239,7.1936,
NEC_08,97,20.108,503516,7.3264,7.3076,
NEC_08,97,10.188,503517,7.2927,7.2782,7.425,7.426
NEC_08,98,2.390,503518,7.2893,7.257,
NEC_07,99,221.709,503519,4.3975,4.3831,4.503,4.487
NEC_07,99,176.097,503520,4.2616,4.2519,
NEC_07,99,149.399,503521,4.3907,4.3917,
NEC_07,99,125.597,503522,4.9246,4.9338,
NEC_07,99,101.020,503523,6.0167,6.0268,
NEC_07,99,75.161,503524,6.3745,6.38,
NEC_07,99,60.510,503525,6.2801,6.2617,
NEC_07,99,50.787,503526,6.7471,6.722,
NEC_07,99,40.635,503527,7.1861,7.1482,
NEC_07,99,30.835,503528,7.384,7.3383,
NEC_07,99,20.424,503529,8.033,8.0049,
NEC_07,99,10.631,503530,8.6364,8.6081,8.753
NEC_07,100,1.938,503531,8.7167,8.629,
NEC_06,102,221.655,503533,4.2497,4.1965,4.394
NEC_06,102,177.974,503534,4.1286,4.075,
NEC_06,102,151.104,503535,5.3168,5.252,
NEC_06,102,125.358,503536,6.2412,6.1867,
NEC_06,102,100.622,503537,6.361,6.2662,
NEC_06,102,75.413,503538,6.6628,6.5684,
NEC_06,102,60.511,503539,7.1893,7.0824,
NEC_06,102,50.790,503540,7.61,7.4666,
NEC_06,102,41.036,503541,7.9912,7.8687,
NEC_06,102,30.333,503542,8.4758,8.3459,
NEC_06,102,20.934,503543,8.827,8.6797,
NEC_06,102,9.685,503544,8.9849,8.8592,9.058,9.067
NEC_06,103,2.147,503545,5.6548,8.5705,
NEC_05,104,227.303,503546,4.2469,4.2023,4.369,4.367
NEC_05,104,176.831,503547,4.9177,4.8772,
NEC_05,104,152.937,503548,5.3534,5.3042,
NEC_05,104,125.391,503549,5.7141,5.6411,
NEC_05,104,101.266,503550,6.0451,5.9628,
NEC_05,104,74.679,503551,6.8951,6.7807,
NEC_05,104,60.571,503552,6.9676,6.8754,
NEC_05,104,50.040,503553,7.3682,7.2625,
NEC_05,104,39.788,503554,7.7181,7.6048,
NEC_05,104,30.511,503555,7.9103,7.8036,
NEC_05,104,20.298,503556,8.1493,8.1274,
NEC_05,104,9.799,503557,8.6804,8.6114,8.765
NEC_05,105,2.400,503558,8.6179,8.5863,
NEC_04,107,223.225,503560,4.4219,4.4179,4.525
NEC_04,107,175.580,503561,4.5765,4.5758,
NEC_04,107,150.442,503562,4.8722,4.8752,
NEC_04,107,125.067,503563,5.4422,5.4614,
NEC_04,107,100.068,503564,5.9373,5.9338,
NEC_04,107,75.658,503565,6.4049,6.3974,
NEC_04,107,60.030,503566,6.6835,6.6828,
NEC_04,107,50.710,503567,7.0267,6.9752,
NEC_04,107,40.255,503568,7.2158,7.1918,
NEC_04,107,29.936,503569,7.3927,7.3637,
NEC_04,107,19.806,503570,7.9285,7.8895,
NEC_04,107,9.685,503571,8.3825,8.3673,8.4,8.425
NEC_04,108,2.489,503572,8.6594,8.5955,
NEC_03,109,206.596,503573,4.4886,4.5076,4.612,4.616
NEC_03,109,174.524,503574,4.5552,4.5717,
NEC_03,109,148.451,503575,4.8937,4.8985,
NEC_03,109,124.939,503576,5.0346,5.0685,
NEC_03,109,100.152,503577,5.4309,5.449,
NEC_03,109,75.047,503578,6.1189,6.1188,
NEC_03,109,59.707,503579,6.8121,6.8261,
NEC_03,109,49.823,503580,7.2528,7.2438,
NEC_03,109,40.056,503581,7.4079,7.3938,
NEC_03,109,29.491,503582,7.6139,7.6094,
NEC_03,109,19.285,503583,8.6214,8.6157,
NEC_03,109,10.408,503584,8.6608,8.6496,8.76
NEC_02,112,201.186,503587,4.1071,4.1298,4.24
NEC_02,112,174.520,503588,4.1558,4.1805,
NEC_02,112,148.786,503589,5.184,5.1937,
NEC_02,112,125.859,503590,5.7077,5.7532,
NEC_02,112,100.435,503591,6.7258,6.7513,
NEC_02,112,75.196,503592,7.0916,7.1087,
NEC_02,112,60.426,503593,7.3475,7.3422,
NEC_02,112,49.796,503594,7.4647,7.4703,
NEC_02,112,39.930,503595,7.6921,7.7101,
NEC_02,112,30.350,503596,7.7189,7.7376,
NEC_02,112,20.441,503597,8.5515,8.5705,
NEC_02,112,10.722,503598,8.7606,8.8036,9.349,8.91
NEC_02,113,3.103,503599,8.8793,8.8828,
NEC_01,115,93.502,503601,6.8089,6.8151,6.916,6.92
NEC_01,115,75.182,503602,6.8149,6.8276,
NEC_01,115,60.275,503603,6.8315,6.8434,
NEC_01,115,50.000,503604,6.8887,6.9,
NEC_01,115,40.371,503605,7.0132,7.0128,
NEC_01,115,29.927,503606,7.2918,7.3167,
NEC_01,115,19.727,503607,7.5878,7.6105,
NEC_01,115,9.922,503608,8.5672,8.5961,8.497
NEC_01,115,3.520,503609,8.5689,8.6172,
GUL_01,117,684.613,503611,5.8005,5.8366,5.994
GUL_01,117,499.073,503612,5.7678,5.8241,
GUL_01,117,252.161,503613,5.7316,5.7492,5.926
GUL_01,117,100.052,503614,6.8144,6.8328,
GUL_01,117,78.531,503615,7.3469,7.1086,
GUL_01,117,60.142,503616,7.6667,7.6559,
GUL_01,117,48.900,503617,7.7966,7.8073,
GUL_01,117,39.804,503618,7.9281,7.872,
GUL_01,117,29.743,503619,8.2018,8.1164,
GUL_01,117,19.618,503620,8.1611,8.0815,
GUL_01,117,10.330,503621,8.1279,8.0746,8.204,8.189
GUL_01,117,2.150,503622,8.1317,8.1039,
GULD_03,119,455.299,503624,5.6983,5.6866,5.775,5.582
GULD_03,119,250.008,503625,5.845,5.8399,5.904
GULD_03,119,101.039,503626,7.0991,7.0085,
GULD_03,119,81.434,503627,7.4667,7.3969,
GULD_03,119,61.815,503628,7.769,7.6625,
GULD_03,119,51.816,503629,7.9382,7.8748,
GULD_03,119,41.825,503630,8.1486,8.0477,
GULD_03,119,32.062,503631,8.1452,8.0726,
GULD_03,119,21.976,503632,8.1458,8.0579,
GULD_03,119,11.818,503633,8.1301,8.0564,8.168
GULD_03,119,2.634,503634,8.1266,8.0782,
GUL_02,121,1075.646,503636,5.9028,5.9168,6.061,6.043
GUL_02,121,754.483,503637,5.8501,5.8238,
GUL_02,121,501.348,503638,5.7233,5.6906,
GUL_02,121,251.785,503639,5.6338,5.6117,5.706
GUL_02,121,101.222,503640,7.0969,7.028,
GUL_02,121,80.545,503641,7.4364,7.3347,
GUL_02,121,59.444,503642,7.8132,7.7601,
GUL_02,121,49.995,503643,8.0226,7.9171,
GUL_02,121,39.814,503644,8.1394,8.0363,
GUL_02,121,30.070,503645,8.1502,8.0678,
GUL_02,121,19.496,503646,8.1867,8.1038,
GUL_02,121,9.833,503647,8.0333,7.9789,8.087
GUL_02,122,2.841,503648,8.0173,7.925,
GUL_03,124,1501.348,503650,5.9188,5.9838,6.156,6.141
GUL_03,124,751.451,503651,5.7138,5.7675,
GUL_03,124,500.370,503652,5.6152,5.6835,
GUL_03,124,250.426,503653,5.3761,5.4372,5.522
GUL_03,124,99.744,503654,7.4746,7.4562,
GUL_03,124,79.836,503655,7.615,7.6126,
GUL_03,124,60.295,503656,7.7899,7.8693,
GUL_03,124,50.673,503657,7.9088,7.9543,
GUL_03,124,40.197,503658,7.9088,7.9267,
GUL_03,124,29.905,503659,8.0543,8.1645,
GUL_03,124,19.818,503660,8.2016,8.2736,
GUL_03,124,9.820,503661,8.1442,8.2257,2.901
GUL_03,125,2.848,503662,8.1276,8.1208,
GUL_04,127,1499.635,503664,5.8818,5.9514,6.188
GUL_04,127,753.717,503665,5.712,5.7772,
GUL_04,127,500.835,503666,5.5858,5.6258,
GUL_04,127,249.383,503667,5.5615,5.5931,5.74
GUL_04,127,99.478,503668,6.92,6.9244,
GUL_04,127,79.711,503669,7.1412,7.1337,
GUL_04,127,60.751,503670,7.4812,7.4557,
GUL_04,127,49.795,503671,7.6383,7.8176,
GUL_04,127,39.971,503672,7.8433,7.8347,
GUL_04,127,29.999,503673,7.9943,8.0729,
GUL_04,127,20.256,503674,8.157,8.1324,
GUL_04,127,10.237,503675,8.102,8.0814,8.283,8.293
GUL_04,128,2.569,503676,8.1247,8.1384,
LCM_01,130,30.334,503678,7.8558,7.7638,8.034
LCM_01,130,20.087,503679,7.9811,7.906,
LCM_01,130,10.388,503680,7.9406,7.8675,8.073,8.084
LCM_01,130,2.322,503681,7.9629,7.8862,
LCM_02,132,50.686,503683,7.759,7.6472,7.851,7.858
LCM_02,132,39.917,503684,7.9766,7.8603,
LCM_02,132,30.448,503685,7.9874,7.8602,
LCM_02,132,20.445,503686,8.0178,7.8736,
LCM_02,132,10.537,503687,7.963,7.7816,8.443
LCM_02,132,1.977,503688,7.978,7.801,
LCM_03,134,72.471,503690,7.7105,7.5478,7.745
LCM_03,134,60.079,503691,7.8544,7.7163,
LCM_03,134,50.031,503692,7.8727,7.7577,
LCM_03,134,40.211,503693,7.9648,7.7975,
LCM_03,134,31.068,503694,8.0036,7.8862,
LCM_03,134,20.382,503695,8.048,7.9077,
LCM_03,134,10.535,503696,7.9798,7.8475,8.068,8.076
LCM_03,134,3.250,503697,7.9739,7.8208,
LCM_04,136,399.695,503699,3.8662,3.8034,3.964,3.954
LCM_04,136,201.105,503700,6.4249,6.3536,
LCM_04,136,101.469,503701,6.9381,6.8341,
LCM_04,136,80.724,503702,7.2931,7.1704,
LCM_04,136,60.665,503703,7.6688,7.5333,
LCM_04,136,49.708,503704,7.902,7.78,
LCM_04,136,40.650,503705,7.9702,7.8462,
LCM_04,136,31.063,503706,8.0212,7.8952,
LCM_04,136,20.147,503707,8.0455,7.9317,
LCM_04,136,10.315,503708,8.0198,7.8763,8.079
LCM_04,136,2.632,503709,8.0245,7.8604,
LCM_05,138,422.380,503711,5.4602,5.3388,5.535
LCM_05,138,202.642,503712,6.0374,5.8806,
LCM_05,138,100.326,503713,7.6114,7.4143,
LCM_05,138,79.856,503714,7.7437,7.526,
LCM_05,138,59.846,503715,7.7488,7.5414,
LCM_05,138,49.732,503716,7.74,7.5376,
LCM_05,138,39.140,503717,7.8372,7.6483,
LCM_05,138,29.711,503718,8.0319,7.824,
LCM_05,138,19.861,503719,8.1383,7.9345,
LCM_05,138,9.723,503720,8.1352,7.878,8.189,8.178
LCM_05,138,2.132,503721,8.1384,7.8695,
LCM_06,140,415.927,503723,5.3226,5.1985,5.423,5.423
LCM_06,140,199.562,503724,5.5908,5.4587,
LCM_06,140,103.159,503725,7.0322,6.8037,
LCM_06,140,78.816,503726,7.7428,7.4877,
LCM_06,140,60.040,503727,7.8096,7.5464,
LCM_06,140,50.383,503728,7.895,7.6144,
LCM_06,140,39.611,503729,8.0493,7.8027,
LCM_06,140,29.386,503730,8.108,7.8399,
LCM_06,140,20.319,503731,8.0965,7.8256,
LCM_06,140,9.928,503732,8.0685,7.7679,8.125
LCM_06,140,2.664,503733,8.0553,7.7863,
LCM_07,142,405.451,503735,5.6354,5.4337,5.745
LCM_07,142,252.218,503736,5.0765,4.9165,5.241
LCM_07,142,99.964,503737,7.3202,7.042,
LCM_07,142,80.425,503738,7.4682,7.1493,
LCM_07,142,59.977,503739,7.6554,7.3639,
LCM_07,142,50.261,503740,8.2248,7.9062,
LCM_07,142,39.842,503741,8.3408,8.0174,
LCM_07,142,29.889,503742,8.3356,8.0111,
LCM_07,142,19.520,503743,8.2768,7.9633,
LCM_07,142,10.812,503744,8.2797,7.9696,8.309,8.309
LCM_07,142,3.419,503745,8.2905,7.9651,
LCM_08,144,386.555,503747,5.4117,5.2136,5.504,5.501
LCM_08,144,252.243,503748,3.9063,3.7862,4.018
LCM_08,144,99.625,503749,7.3773,7.1159,
LCM_08,144,80.395,503750,7.5729,7.2941,
LCM_08,144,59.987,503751,7.8814,7.6127,
LCM_08,144,49.656,503752,7.9115,7.6661,
LCM_08,144,40.104,503753,7.9262,7.6732,
LCM_08,144,30.994,503754,7.9949,7.7204,
LCM_08,144,20.145,503755,8.0176,7.7446,
LCM_08,144,9.682,503756,8.0322,7.7458,8.067
LCM_08,144,2.288,503757,8.0419,7.7481,
LCM_09,146,229.393,503759,5.24,5.0305,5.334
LCM_09,146,100.076,503760,7.9082,7.5944,
LCM_09,146,80.796,503761,7.9239,7.6176,
LCM_09,146,60.513,503762,8.0054,7.6407,
LCM_09,146,50.037,503763,7.9954,7.6369,
LCM_09,146,39.956,503764,8.1832,7.8429,
LCM_09,146,29.710,503765,8.4605,8.1185,
LCM_09,146,20.072,503766,8.7188,8.3548,
LCM_09,146,9.688,503767,8.7868,8.4086,8.797,8.794
LCM_09,146,3.019,503768,8.7614,8.4203,
LCM_10,149,97.035,503770,7.9125,7.5502,7.906,7.907
LCM_10,149,80.495,503771,7.9258,7.5829,
LCM_10,149,60.141,503772,8.0881,7.7459,
LCM_10,149,50.638,503773,8.2106,7.8625,
LCM_10,149,41.008,503774,8.2341,7.921,
LCM_10,149,30.648,503775,8.3749,8.027,
LCM_10,149,20.135,503776,8.4759,8.1311,
LCM_10,149,10.003,503777,8.4743,8.1461,8.51
LCM_10,149,3.318,503778,8.4774,8.1459,
LL_09,151,1504.481,503780,6.0783,5.977,
LL_09,151,997.859,503781,5.7877,5.7063,
LL_09,151,501.253,503782,5.229,5.1589,
LL_09,151,249.822,503783,5.1052,5.0429,5.232
LL_09,151,149.450,503784,5.2509,5.2026,
LL_09,151,101.955,503785,6.138,6.0586,
LL_09,151,80.411,503786,6.439,6.3606,
LL_09,151,60.050,503787,6.7363,6.6522,
LL_09,151,49.319,503788,7.1935,7.1228,
LL_09,151,40.065,503789,7.3435,7.2746,
LL_09,151,32.479,503790,7.3465,7.2853,
LL_09,151,20.810,503791,7.3651,7.2851,
LL_09,152,11.069,503792,7.3274,7.3251,7.462,7.462
LL_09,152,3.561,503793,7.3295,7.3106,
LL_07,154,731.518,503795,5.8137,5.7361,5.961
LL_07,154,490.912,503796,5.5025,5.4413,
LL_07,154,249.729,503797,4.7424,4.715,4.882
LL_07,154,151.565,503798,6.3218,6.273,
LL_07,154,100.187,503799,7.167,7.0532,
LL_07,154,77.552,503800,7.2315,7.1045,
LL_07,154,61.356,503801,7.2643,7.1589,
LL_07,154,49.742,503802,7.7169,7.6087,
LL_07,154,39.662,503803,7.8962,7.8082,
LL_07,154,30.958,503804,7.9266,7.8052,
LL_07,154,19.965,503805,7.8931,7.8087,
LL_07,154,9.741,503806,7.9248,7.816,8.017,8.004
LL_07,155,2.861,503807,7.9077,7.8118,
LL_06,157,58.891,503809,7.7803,7.6831,7.881,7.882
LL_06,157,50.595,503810,7.7648,7.6845,
LL_06,157,39.888,503811,7.764,7.6759,
LL_06,157,28.815,503812,7.8735,7.7583,
LL_06,157,20.121,503813,7.8669,7.7754,
LL_06,157,10.210,503814,7.8516,7.7797,7.919
LL_06,157,2.910,503815,7.8827,7.7733,
LL_05,159,253.587,503817,6.2764,6.1743,6.671
LL_05,159,101.208,503818,6.7017,6.5892,
LL_05,159,80.036,503819,6.7831,6.6708,
LL_05,159,60.451,503820,7.1446,7.0193,
LL_05,159,50.014,503821,7.3941,7.2681,
LL_05,159,40.014,503822,7.7909,7.6622,
LL_05,159,30.261,503823,7.8673,7.7402,
LL_05,159,20.549,503824,7.8685,7.7245,
LL_05,159,10.315,503825,7.7904,7.6725,7.877,7.878
LL_05,159,4.449,503826,7.7965,7.6848,
LL_04,161,101.090,503828,6.594,6.4584,6.68,6.682
LL_04,161,81.445,503829,6.7713,6.635,
LL_04,161,60.179,503830,7.5087,7.3614,
LL_04,161,51.018,503831,7.8172,7.6747,
LL_04,161,39.468,503832,7.8809,7.7115,
LL_04,161,29.709,503833,7.831,7.6774,
LL_04,161,20.527,503834,7.8237,7.6927,
LL_04,161,10.199,503835,7.8116,7.6965,7.915
LL_04,161,2.944,503836,7.8536,7.7038,
LL_03,163,131.150,503838,6.3085,6.1615,6.401
LL_03,163,100.459,503839,6.7075,6.5595,
LL_03,163,80.465,503840,7.3208,7.1559,
LL_03,163,61.707,503841,7.616,7.407,
LL_03,163,51.033,503842,7.7211,7.5473,
LL_03,163,38.532,503843,8.0735,7.8912,
LL_03,163,29.669,503844,8.2477,8.07,
LL_03,163,19.922,503845,8.2061,8.0444,
LL_03,163,9.266,503846,8.1908,8.05,8.285,8.141
LL_03,163,2.721,503847,8.2123,8.0209,
LL_02,165,133.190,503849,6.1404,5.9846,6.497,6.208
LL_02,165,98.391,503850,6.6418,6.4853,
LL_02,165,80.003,503851,7.2505,7.0763,
LL_02,165,61.680,503852,7.4946,7.3233,
LL_02,165,49.326,503853,7.8061,7.6344,
LL_02,165,40.674,503854,8.1052,7.9273,
LL_02,165,30.330,503855,8.2738,8.1036,
LL_02,165,19.394,503856,8.0526,7.9629,
LL_02,165,10.496,503857,8.1153,7.9652,8.202
LL_02,165,2.094,503858,8.1169,7.9369,
LL_01,167,85.336,503860,7.6355,7.4614,7.729
LL_01,167,80.841,503861,7.6607,7.4705,
LL_01,167,60.759,503862,8.0463,7.8664,
LL_01,167,49.674,503863,8.0872,7.9058,
LL_01,167,39.576,503864,8.1339,7.9458,
LL_01,167,29.220,503865,8.1611,8.0038,
LL_01,167,19.650,503866,8.2175,8.0264,
LL_01,167,9.484,503867,8.2762,8.0818,8.344,8.332
LL_01,167,2.009,503868,8.2322,8.0935,
CSL_06,169,262.171,503870,3.6474,3.5713,3.788,3.761
CSL_06,169,200.086,503871,4.7178,4.6052,
CSL_06,169,150.078,503872,6.2591,6.103,
CSL_06,169,99.892,503873,7.456,7.2502,
CSL_06,169,79.822,503874,7.7422,7.5485,
CSL_06,169,59.865,503875,7.8078,7.6247,
CSL_06,169,49.908,503876,7.7824,7.6365,
CSL_06,169,39.976,503877,7.9924,7.8302,
CSL_06,169,29.936,503878,7.9336,7.783,
CSL_06,169,19.995,503879,7.8738,7.7333,
CSL_06,169,9.879,503880,7.8904,7.7493,8.014
CSL_06,169,2.461,503881,7.8644,7.7386,
CSL_05,171,471.407,503883,3.9571,3.8856,4.103
CSL_05,171,301.414,503884,3.077,3.036,
CSL_05,171,250.688,503885,3.0143,2.9743,3.133
CSL_05,171,200.800,503886,3.3732,3.3282,
CSL_05,171,150.774,503887,4.8565,4.7722,
CSL_05,171,100.728,503888,6.7286,6.5789,
CSL_05,171,80.599,503889,7.0134,6.8668,
CSL_05,171,60.658,503890,7.5176,7.3359,
CSL_05,171,51.027,503891,7.7071,7.5008,
CSL_05,171,40.756,503892,7.9337,7.7389,
CSL_05,171,30.285,503893,7.9619,7.8123,
CSL_05,171,20.442,503894,7.9591,7.7876,
CSL_05,172,9.595,503895,8.0089,7.761,8.051,8.066
CSL_05,172,2.988,503896,8.0078,7.7624,
CSL_04,174,460.860,503898,3.8579,3.7598,4.0,3.966
CSL_04,174,300.845,503899,2.5428,2.488,
CSL_04,174,249.860,503900,2.7399,2.68,2.812
CSL_04,174,200.180,503901,3.2522,3.1792,
CSL_04,174,149.980,503902,5.2648,5.1326,
CSL_04,174,100.834,503903,6.3243,6.1752,
CSL_04,174,79.923,503904,6.8275,6.6121,
CSL_04,174,59.414,503905,7.8259,7.6321,
CSL_04,174,49.923,503906,7.8613,7.7009,
CSL_04,174,39.725,503907,7.7288,7.5335,
CSL_04,174,30.214,503908,7.8831,7.6679,
CSL_04,174,20.129,503909,8.0628,7.8721,
CSL_04,175,9.352,503910,8.0285,7.8111,8.084
CSL_04,175,3.660,503911,8.022,7.7846,
CSL_03,177,325.122,503913,3.0413,2.9611,3.137
CSL_03,177,250.443,503914,2.6781,2.6168,2.766
CSL_03,177,200.952,503915,3.6048,3.5186,
CSL_03,177,150.123,503916,5.4912,5.3776,
CSL_03,177,100.422,503917,6.5477,6.4032,
CSL_03,177,80.460,503918,7.2266,7.0199,
CSL_03,177,59.744,503919,7.9195,7.7258,
CSL_03,177,50.284,503920,7.7906,7.6508,
CSL_03,177,39.938,503921,8.0668,7.8875,
CSL_03,177,29.494,503922,8.2701,8.0959,
CSL_03,177,19.865,503923,8.0714,7.8944,
CSL_03,177,9.854,503924,8.2037,8.0283,8.318,8.308
CSL_03,178,3.092,503925,8.2214,8.0559,
CSL_02,179,176.303,503927,3.3661,3.2686,3.436,3.414
CSL_02,179,151.219,503928,4.6917,4.5676,
CSL_02,179,101.275,503929,7.4471,7.2418,
CSL_02,179,79.903,503930,7.4191,7.2214,
CSL_02,179,60.792,503931,8.0157,7.7738,
CSL_02,179,50.701,503932,8.3424,8.1399,
CSL_02,179,39.817,503933,8.2696,8.0294,
CSL_02,179,30.075,503934,8.308,8.0918,
CSL_02,179,20.050,503935,8.3422,8.116,
CSL_02,179,10.001,503936,8.2715,8.0728,8.781
CSL_02,179,2.839,503937,8.2719,8.0612,
CSL_01,181,73.110,503939,6.3967,6.2284,6.448
CSL_01,181,61.362,503940,7.302,7.1141,
CSL_01,181,50.302,503941,8.1664,7.9538,
CSL_01,181,38.671,503942,8.3151,8.0805,
CSL_01,181,29.225,503943,8.2641,8.0711,
CSL_01,181,19.149,503944,8.2189,8.0313,
CSL_01,181,9.179,503945,8.2209,7.9986,8.322,8.322
CSL_01,181,2.359,503946,8.212,8.0295,
HL_02,184,156.696,503949,4.975,4.8768,5.197,5.179
HL_02,184,100.064,503950,7.3155,7.1508,
HL_02,184,79.799,503951,6.908,6.7378,
HL_02,184,59.676,503952,7.4238,7.2797,
HL_02,184,50.094,503953,7.4888,7.341,
HL_02,184,39.809,503954,7.444,7.2465,
HL_02,184,30.109,503955,7.6381,7.4596,
HL_02,184,19.733,503956,7.6568,7.4839,
HL_02,184,9.941,503957,7.6563,7.4985,7.794
HL_02,184,2.366,503958,7.6686,7.4687,
