STATION,EVENT,PRESSURE,SAMPLE_ID,flspuv0,flsp,Chl_Rep1,Chl_Rep2
HL_00,1,64.892,503022,2.4745,0.62944,
HL_00,1,64.954,503023,2.4793,0.55693,
HL_00,1,64.958,503024,2.4793,0.64365,
HL_00,1,64.942,503025,2.4796,0.68949,
HL_00,1,64.921,503026,2.4759,0.72388,
HL_00,1,64.907,503027,2.4823,0.8233,
HL_00,1,64.905,503028,2.4811,0.66308,
HL_00,1,64.924,503029,2.473,0.57761,
HL_00,1,64.942,503030,2.4874,0.49662,
HL_00,1,64.930,503031,2.4926,0.6105,
HL_00,1,64.924,503032,2.4829,0.54621,
HL_00,1,64.921,503033,2.475,0.49363,
HL_01,4,84.016,503036,7.5595,0.98976,3.9472777732441635,3.8239253428302833
HL_01,4,61.102,503037,6.0084,3.7851,5.5508593686246055,5.920916659866247
HL_01,4,50.004,503038,8.3762,4.4429,6.414326381521765,6.290973951107886
HL_01,4,40.096,503039,8.5888,5.0031,6.290973951107885,6.044269090280125
HL_01,4,30.124,503040,5.6516,3.6403,7.771203116074449,6.414326381521764
HL_01,4,20.003,503041,5.3466,4.6565,7.524498255246686,7.031088533591166
HL_01,4,10.050,503042,4.2122,2.7752,7.0310885335911655,6.661031242349526
HL_01,4,1.564,503043,5.8204,1.4448,6.537678811935646,6.290973951107885
HL_02,9,142.424,503046,2.8135,1.833,
HL_02,9,98.670,503047,3.7357,1.9519,0.23671942344921823,0.301279266208096
HL_02,9,80.269,503048,3.2887,1.7396,1.158869708332063,1.248013532049914
HL_02,9,60.787,503049,2.9114,1.4074,2.094879857369498,2.3623113285230515
HL_02,9,49.984,503050,3.2907,3.6114,4.564039925313565,4.810744786141324
HL_02,9,39.989,503051,4.0326,3.81,8.017907976902208,7.771203116074447
HL_02,9,30.053,503052,3.8883,3.4156,4.070630203658044,4.687392355727444
HL_02,9,20.087,503053,2.3617,5.428,6.907736103177286,6.414326381521766
HL_02,9,10.077,503054,2.6975,3.1617,7.524498255246686,7.524498255246686
HL_02,9,1.813,503055,3.8635,2.136,6.661031242349527,8.387965268143848
HL_03,11,261.870,503057,2.3083,2.2656,
HL_03,11,201.137,503058,2.1857,1.233,
HL_03,11,100.131,503059,2.1413,0.63342,0.042213150582739035,0.028142100388492682
HL_03,11,80.164,503060,1.9426,1.7842,0.05276643822842378,0.05628420077698542
HL_03,11,61.338,503061,1.9472,0.95039,0.11960392665109394,0.14071050194246343
HL_03,11,50.199,503062,1.903,1.1462,0.45191889931214413,0.527238715864168
HL_03,11,40.096,503063,2.0073,1.7697,0.634838453795631,0.6671183751750699
HL_03,11,30.049,503064,2.1244,1.6855,0.7101582703476548,0.7101582703476549
HL_03,11,19.915,503065,1.9402,1.307,0.5057187682778754,0.6240784800024846
HL_03,11,10.041,503066,1.9667,1.159,0.5702786110367534,0.6025585324161922
HL_03,11,2.805,503067,1.8535,0.98602,0.6455984275887772,0.6133185062093384
HL_03.3,13,198.507,503069,2.1275,1.3187,
HL_03.3,13,100.793,503070,2.6009,1.1978,0.06683748842267008,0.06683748842267011
HL_03.3,13,80.387,503071,1.9151,1.0797,0.5702786110367533,0.6240784800024848
HL_03.3,13,60.192,503072,2.0229,2.0585,1.0251539727552865,0.8914382371785097
HL_03.3,13,49.697,503073,1.9501,1.7959,1.3371573557677647,1.3371573557677647
HL_03.3,13,40.040,503074,1.9278,2.3485,1.1142977964731375,1.158869708332063
HL_03.3,13,29.902,503075,1.8619,1.3232,0.7747181131065325,0.8500379296585566
HL_03.3,13,20.209,503076,2.0316,1.5492,0.5272387158641682,0.5702786110367531
HL_03.3,13,9.811,503077,2.1304,1.4732,0.4626788731052903,0.4303989517258514
HL_03.3,13,2.281,503078,2.0741,1.4557,0.45191889931214396,0.41963897793270527
HL_04,16,75.700,503080,1.8245,0.96035,0.1613996068971943,0.19367952827663312
HL_04,16,59.750,503081,1.5769,0.90977,0.5164787420710217,0.5379986896573145
HL_04,16,51.412,503082,1.6241,2.4094,0.5702786110367533,0.6671183751750698
HL_04,16,40.075,503083,1.6392,1.1487,0.4734388468984367,0.4303989517258515
HL_04,16,30.440,503084,1.6932,1.0825,0.44115892551899777,0.44115892551899777
HL_04,16,20.304,503085,1.7759,1.0997,0.3873590565532664,0.43039895172585146
HL_04,16,10.223,503086,1.8927,1.1535,0.3873590565532663,0.38735905655326625
HL_04,16,2.051,503087,1.9219,1.1565,0.3981190303464126,0.41963897793270527
HL_05,18,94.068,503089,2.4585,2.3967,0.47343884689843646,0.5595186372436071
HL_05,18,79.897,503090,2.0523,1.5766,0.5057187682778757,0.5272387158641682
HL_05,18,59.733,503091,1.8714,5.3687,7.771203116074449,7.771203116074449
HL_05,18,51.286,503092,1.7333,3.2646,5.674211799038484,6.044269090280125
HL_05,18,40.648,503093,1.7252,2.609,3.9472777732441635,3.9472777732441635
HL_05,18,31.321,503094,1.7989,2.3625,3.083810760347003,2.8371058995192424
HL_05,18,20.380,503095,1.7699,1.5011,1.7828764743570196,1.6491607387802432
HL_05,18,9.943,503096,1.8336,1.5395,1.3817292676266901,1.4263011794856157
HL_05,18,2.889,503097,1.8038,1.7455,1.426301179485616,1.3817292676266906
HL_05.5,20,405.786,503099,1.5244,0.69647,
HL_05.5,20,252.416,503100,1.5202,0.62346,
HL_05.5,20,101.974,503101,1.672,0.99697,0.2797593186218034,0.2582393710355108
HL_05.5,20,80.392,503102,1.7298,4.7562,8.881374989799369,8.634670128971608
HL_05.5,20,60.598,503103,1.7944,7.0472,14.949687068296136,14.94968706829614
HL_05.5,20,50.145,503104,1.8164,3.8387,6.044269090280125,6.414326381521765
HL_05.5,20,41.011,503105,1.8207,2.9708,5.304154507796844,5.304154507796844
HL_05.5,20,30.963,503106,1.8127,3.3239,5.180802077382964,5.180802077382964
HL_05.5,20,20.670,503107,1.734,3.3181,5.057449646969085,5.427506938210724
HL_05.5,20,9.677,503108,1.782,3.2768,4.934097216555204,4.934097216555204
HL_05.5,20,4.639,503109,1.7381,2.8933,4.317335064485804,4.564039925313564
HL_06,22,1122.566,503111,1.2474,0.34188,
HL_06,22,998.581,503112,1.2278,0.30525,
HL_06,22,899.286,503113,1.2203,0.29179,
HL_06,22,750.697,503114,1.2142,0.26937,
HL_06,22,503.353,503115,1.2592,0.27909,
HL_06,22,251.331,503116,1.3577,0.29852,
HL_06,22,151.287,503117,1.3585,0.33191,
HL_06,22,100.216,503118,1.4054,0.44081,0.4626788731052903,0.5917985586230459
HL_06,22,79.621,503119,1.4776,1.0453,1.9165922099337955,1.693732650639169
HL_06,22,59.884,503120,1.4663,5.7145,13.02069518851599,13.02069518851599
HL_06,22,49.386,503121,1.448,5.0059,9.74484200269653,10.85501387642145
HL_06,22,40.907,503122,1.5099,5.3425,12.538447218570955,11.091703308735847
HL_06,23,30.583,503123,1.4591,4.3829,6.167621520694005,6.0442690902801255
HL_06,23,20.354,503124,1.4471,1.7916,2.5851708878176787,2.718886623394455
HL_06,23,10.730,503125,1.4517,1.3144,3.2537495657015603,3.1200338301247847
HL_06,23,3.692,503126,1.4689,1.4851,2.8080304471123068,3.1200338301247843
HL_07,25,1498.891,503128,1.1696,0.060552,
HL_07,25,1252.084,503129,1.1656,0.060801,
HL_07,25,1001.723,503130,1.1614,0.060302,
HL_07,25,751.002,503131,1.1695,0.060801,
HL_07,25,502.022,503132,1.2187,0.06105,
HL_07,25,250.347,503133,1.3043,0.074257,
HL_07,25,149.615,503134,1.2046,0.073758,
HL_07,25,99.332,503135,1.3115,0.14353,0.21519947586292573,0.1936795282766332
HL_07,25,81.501,503136,1.3478,0.18938,0.23671942344921834,0.25823937103551087
HL_07,25,59.818,503137,1.3955,0.5963,1.1142977964731373,1.203441620190988
HL_07,25,48.697,503138,1.3608,0.78343,1.3371573557677647,1.337157355767765
HL_07,25,41.003,503139,1.3531,2.3989,4.070630203658044,4.564039925313564
HL_07,26,28.233,503140,1.3552,5.6772,8.141260407316087,8.881374989799369
HL_07,26,18.236,503141,1.3455,5.1118,9.498137141868769,9.374784711454888
HL_07,26,10.548,503142,1.3555,4.4327,8.881374989799369,8.75802255938549
HL_07,26,5.750,503143,1.3531,4.3607,8.634670128971608,8.634670128971607
HL_06.7,29,1497.140,503145,1.1717,0.059804,
HL_06.7,29,1258.564,503146,1.1699,0.060552,
HL_06.7,29,1003.530,503147,1.1623,0.060053,
HL_06.7,29,755.325,503148,1.1904,0.061299,
HL_06.7,29,501.765,503149,1.2402,0.06105,
HL_06.7,29,250.673,503150,1.319,0.068775,
HL_06.7,29,153.637,503151,1.1273,0.11637,
HL_06.7,29,99.086,503152,1.1961,0.22825,0.4519188993121442,0.4734388468984367
HL_06.7,29,79.400,503153,1.4046,0.5183,1.2034416201909883,1.203441620190988
HL_06.7,29,59.174,503154,1.3801,5.1733,9.621489572282648,9.251432281041009
HL_06.7,29,50.529,503155,1.3904,4.5631,8.634670128971608,8.881374989799369
HL_06.7,29,40.021,503156,1.3646,4.0737,9.251432281041009,8.634670128971608
HL_06.7,30,30.925,503157,1.3559,3.4492,8.75802255938549,8.264612837729967
HL_06.7,30,19.181,503158,1.3528,3.8407,7.524498255246687,7.277793394418926
HL_06.7,30,9.442,503159,1.3595,4.7437,6.290973951107886,6.661031242349526
HL_06.7,30,4.646,503160,1.3611,3.9319,7.894555546488327,8.017907976902208
HL_06.3,32,1493.619,503162,1.1672,0.060801,
HL_06.3,32,993.973,503163,1.1622,0.059804,
HL_06.3,32,749.768,503164,1.1485,0.060302,
HL_06.3,32,510.554,503165,1.2237,0.06105,
HL_06.3,32,254.938,503166,1.2882,0.065037,
HL_06.3,32,152.034,503167,1.1094,0.069273,
HL_06.3,32,104.339,503168,1.0863,0.16645,0.3443191613806812,0.3012792662080961
HL_06.3,32,84.084,503169,1.3994,0.78817,1.3371573557677647,1.470873091344541
HL_06.3,32,61.895,503170,1.3822,4.8157,14.94968706829614,13.985191128406065
HL_06.3,32,49.791,503171,1.3625,4.588,9.251432281041009,9.37478471145489
HL_06.3,32,38.696,503172,1.3493,5.111,
HL_06.3,32,29.420,503173,1.3585,4.2742,8.511317698557727,8.017907976902208
HL_06.3,33,18.742,503174,1.3837,4.3856,9.251432281041009,8.75802255938549
HL_06.3,33,10.249,503175,1.3857,4.6174,9.251432281041009,9.004727420213248
HL_06.3,33,3.162,503176,1.3785,4.7602,9.251432281041009,9.498137141868769
YL_01,35,69.360,503178,1.5885,0.65461,0.44115892551899777,0.5057187682778755
YL_01,35,50.313,503179,1.6041,0.55493,0.3658391089669738,0.32279921379438853
YL_01,35,40.916,503180,1.6125,0.4879,0.3335591875875349,0.3658391089669738
YL_01,35,30.533,503181,1.6299,0.49338,0.35507913517382733,0.3227992137943886
YL_01,35,19.521,503182,1.649,0.76824,0.4949587944847292,0.3443191613806811
YL_01,35,9.403,503183,1.6768,0.611,0.3550791351738274,0.25823937103551087
YL_01,35,2.915,503184,1.6856,0.59904,0.37659908276012016,0.35507913517382755
YL_02,38,116.661,503186,1.5027,0.25442,
YL_02,38,99.072,503187,1.5141,0.2893,0.18291955448348687,0.19367952827663312
YL_02,38,82.076,503188,1.506,0.27958,0.1721595806903406,0.18291955448348687
YL_02,38,60.132,503189,1.5107,0.32718,0.2474793972423646,0.2582393710355108
YL_02,38,49.576,503190,1.4966,0.46871,0.2689993448286572,0.2797593186218034
YL_02,38,40.068,503191,1.498,0.50883,0.3120392400012423,0.3120392400012423
YL_02,38,31.173,503192,1.4906,0.48616,0.3658391089669738,0.3550791351738274
YL_02,38,20.870,503193,1.4769,0.66233,0.4088790041395589,0.4303989517258514
YL_02,38,10.743,503194,1.4811,0.58184,0.4196389779327051,0.43039895172585146
YL_02,38,3.945,503195,1.4887,0.55817,0.37659908276012,0.35507913517382755
YL_03,40,204.433,503197,1.532,0.10516,
YL_03,40,151.155,503198,1.5313,0.097431,
YL_03,40,99.800,503199,1.4716,0.1667,0.059801963325546936,0.06683748842267014
YL_03,40,81.279,503200,1.4636,0.22476,0.10905063900540916,0.13015721429677865
YL_03,40,60.562,503201,1.4924,0.43059,0.17940588997664086,0.1934769401708872
YL_03,40,49.092,503202,1.5136,0.55593,0.3120392400012423,0.33355918758753494
YL_03,40,40.222,503203,1.5896,0.72612,0.634838453795631,0.5917985586230459
YL_03,40,30.865,503204,1.576,0.83253,0.6240784800024846,0.6240784800024847
YL_03,40,20.025,503205,1.5719,0.73335,0.6671183751750698,0.6671183751750698
YL_03,40,9.226,503206,1.5564,0.37876,0.6671183751750698,0.6563584013819235
YL_03,40,4.153,503207,1.5588,0.36705,0.6778783489682162,0.7209182441408012
YL_04,42,236.477,503209,1.6295,0.097431,
YL_04,42,151.525,503210,1.6424,0.076749,
YL_04,42,99.975,503211,1.6975,0.10889,0.0457309131313006,0.05628420077698538
YL_04,42,81.737,503212,1.7611,0.23971,0.13367497684534022,0.13015721429677865
YL_04,42,59.059,503213,1.6839,0.64339,0.3443191613806812,0.3227992137943886
YL_04,42,50.411,503214,1.65,0.6247,0.39811903034641266,0.43039895172585146
YL_04,42,40.264,503215,1.63,0.81732,0.5595186372436071,0.527238715864168
YL_04,42,29.837,503216,1.5847,0.8233,0.7101582703476548,0.7316782179339475
YL_04,42,20.637,503217,1.5553,0.67305,0.6671183751750698,0.7639581393133864
YL_04,42,10.530,503218,1.5433,0.32244,0.7962380606928252,0.7424381917270938
YL_04,42,3.104,503219,1.5477,0.2285,0.7316782179339476,0.6886383227613624
YL_05,45,174.205,503221,1.7306,0.099673,
YL_05,45,150.337,503222,1.7035,0.092198,
YL_05,45,100.900,503223,1.6999,0.1216,0.0738730135197933,0.07739077606835487
YL_05,45,80.039,503224,1.7304,0.15026,0.08442630116547807,0.08442630116547806
YL_05,45,60.691,503225,1.717,0.26065,0.10905063900540916,0.12312168919965547
YL_05,45,49.474,503226,1.7482,0.35384,0.18292365252520246,0.17588812742807924
YL_05,45,39.892,503227,1.7639,0.61623,0.36583910896697375,0.37659908276012
YL_05,45,30.037,503228,1.7533,0.73983,0.4734388468984367,0.46267887310529043
YL_05,45,19.915,503229,1.6949,0.839,0.6886383227613624,0.6993982965545087
YL_05,45,9.915,503230,1.6443,0.4271,0.5164787420710217,0.602558532416192
YL_05,45,2.450,503231,1.6503,0.29204,0.527238715864168,0.5272387158641682
YL_06,47,123.991,503233,1.7337,0.22053,
YL_06,47,100.939,503234,1.6817,0.34836,0.2474793972423646,0.23671942344921834
YL_06,47,79.997,503235,1.7907,0.32867,0.2474793972423646,0.2582393710355109
YL_06,47,59.819,503236,1.7718,0.61548,0.4196389779327051,0.38735905655326625
YL_06,47,50.216,503237,1.7991,0.69248,0.41963897793270527,0.4196389779327051
YL_06,47,40.527,503238,1.7955,0.67927,0.41963897793270527,0.45191889931214396
YL_06,47,31.038,503239,1.7557,0.6262,0.46267887310529027,0.47343884689843657
YL_06,47,19.411,503240,1.6931,0.59804,0.44115892551899777,0.45191889931214396
YL_06,47,10.274,503241,1.6859,0.54696,0.3873590565532664,0.3981190303464126
YL_06,47,2.367,503242,1.6831,0.61798,0.3873590565532664,0.37659908276012005
YL_07,49,140.308,503244,1.7062,0.099424,
YL_07,49,100.938,503245,1.7632,0.16222,0.06683748842267011,0.10201511390828599
YL_07,49,81.434,503246,1.7431,0.26688,0.17588812742807933,0.1688526023309561
YL_07,49,60.457,503247,1.7098,0.60427,0.3443191613806811,0.35507913517382755
YL_07,49,49.428,503248,1.7168,0.70494,0.408879004139559,0.408879004139559
YL_07,49,39.829,503249,1.6822,1.0324,0.6025585324161922,0.6240784800024847
YL_07,49,29.851,503250,1.6137,1.0389,0.6455984275887774,0.6455984275887772
YL_07,49,19.834,503251,1.5684,0.72787,0.5164787420710216,0.527238715864168
YL_07,49,10.410,503252,1.5566,0.75278,0.5917985586230458,0.5917985586230458
YL_07,49,2.450,503253,1.5612,0.70868,0.39811903034641255,0.45191889931214413
YL_08,51,135.508,503255,1.9091,0.090454,
YL_08,51,100.788,503256,1.864,0.090703,0.028142100388492682,0.02462433783993109
YL_08,51,79.966,503257,1.875,0.11687,0.031659862937054285,0.03165986293705427
YL_08,51,59.444,503258,1.8017,0.2736,0.0984973513597244,0.08442630116547807
YL_08,51,50.216,503259,1.7466,0.51132,0.22161904055937992,0.2321723282050647
YL_08,51,40.997,503260,1.7186,0.82455,0.5164787420710218,0.5379986896573145
YL_08,51,29.708,503261,1.707,0.94017,0.5702786110367533,0.6240784800024847
YL_08,51,19.345,503262,1.6987,0.88111,0.5595186372436071,0.5487586634504606
YL_08,51,9.688,503263,1.6992,0.84124,0.5917985586230458,0.5487586634504606
YL_08,51,2.847,503264,1.6987,0.79689,0.5379986896573145,0.5272387158641682
YL_09,53,82.756,503266,1.8945,0.1824,0.23217232820506467,0.06331972587410857
YL_09,53,59.762,503267,1.891,0.23199,0.11960392665109394,0.11256840155397076
YL_09,53,49.775,503268,1.8977,0.26862,0.15829931468527136,0.1582993146852713
YL_09,53,39.609,503269,1.9547,0.2746,0.17940588997664086,0.17940588997664086
YL_09,53,30.689,503270,1.9593,0.38698,0.1688526023309561,0.1969947027194488
YL_09,53,19.809,503271,2.0017,0.6556,0.301279266208096,0.3227992137943886
YL_09,53,9.597,503272,2.2291,0.86716,0.46267887310529043,0.44115892551899777
YL_09,53,2.586,503273,2.8326,0.77097,0.5487586634504606,0.5487586634504606
YL_10,55,120.511,503275,1.9248,0.17742,0.0773907760683549,0.07035525097123171
YL_10,55,80.398,503276,1.8176,0.35982,0.1829236525252024,0.1794058899766409
YL_10,55,60.324,503277,1.9246,0.31223,0.17588812742807927,0.17940588997664086
YL_10,55,50.192,503278,1.9879,0.30301,0.16885260233095611,0.1688526023309561
YL_10,55,40.547,503279,2.0162,0.33017,0.14774602703958664,0.16533483978239455
YL_10,55,29.932,503280,2.09,0.35459,0.1723703648795177,0.17940588997664086
YL_10,55,20.061,503281,2.1978,0.43009,0.16885260233095614,0.18644141507376408
YL_10,55,10.038,503282,2.4983,0.71491,0.301279266208096,0.3227992137943886
YL_10,55,2.314,503283,3.4091,0.85345,0.634838453795631,0.6455984275887772
PL_01,57,130.769,503285,1.9209,0.10291,
PL_01,57,100.160,503286,1.9018,0.11014,0.038695388034177464,0.03517762548561584
PL_01,57,80.077,503287,1.8804,0.16895,0.04924867567986218,0.06331972587410854
PL_01,57,60.383,503288,1.8992,0.27535,0.08442630116547807,0.11256840155397076
PL_01,57,49.558,503289,1.9385,0.31821,0.1231216891996555,0.11608616410253235
PL_01,57,39.787,503290,1.9423,0.30351,0.1477460270395866,0.13367497684534022
PL_01,57,30.130,503291,1.9937,0.49687,0.2797593186218034,0.2905192924149498
PL_01,57,19.693,503292,2.013,0.76175,0.41963897793270527,0.44115892551899777
PL_01,57,10.079,503293,2.0383,0.8552,0.4949587944847292,0.5810385848298995
PL_01,57,2.085,503294,2.0673,0.72238,0.5595186372436068,0.6671183751750699
PL_02,59,159.771,503296,1.8276,0.097431,
PL_02,59,100.787,503297,1.7701,0.16222,0.06683748842267014,0.05980196332554697
PL_02,59,80.953,503298,1.736,0.2452,0.09497958881116285,0.10201511390828599
PL_02,59,60.897,503299,1.6925,0.35185,0.17237036487951765,0.1582993146852713
PL_02,59,50.556,503300,1.6428,0.49338,0.27975931862180353,0.2905192924149498
PL_02,59,40.683,503301,1.6331,0.60502,0.3335591875875349,0.3443191613806812
PL_02,59,29.862,503302,1.6232,0.80761,0.4411589255189978,0.4411589255189978
PL_02,59,20.348,503303,1.6225,0.79116,0.6348384537956309,0.6563584013819235
PL_02,59,10.914,503304,1.6162,0.50335,0.677878348968216,0.6563584013819235
PL_02,59,2.946,503305,1.5986,0.27933,0.6563584013819235,0.677878348968216
PL_03,61,168.732,503307,1.7863,0.097929,
PL_03,61,150.550,503308,1.8203,0.098428,
PL_03,61,100.671,503309,1.81,0.14228,0.0457309131313006,0.04221315058273902
PL_03,61,80.733,503310,1.7881,0.21878,0.08090853861691646,0.0773907760683549
PL_03,61,59.572,503311,1.7467,0.33141,0.13719273939390186,0.11256840155397073
PL_03,61,49.525,503312,1.7122,0.46871,0.21106575291369511,0.1969947027194488
PL_03,61,41.083,503313,1.6984,0.54347,0.23671942344921834,0.2689993448286572
PL_03,61,30.799,503314,1.7014,0.72886,0.3443191613806813,0.3012792662080959
PL_03,61,20.467,503315,1.696,0.73484,0.6671183751750698,0.6455984275887772
PL_03,61,10.156,503316,1.5513,0.16023,0.36583910896697375,0.36583910896697375
PL_03,61,3.419,503317,1.5658,0.14777,0.36583910896697375,0.37659908276012005
PL_04,63,198.086,503319,1.5243,0.079988,
PL_04,63,150.453,503320,1.6168,0.073509,
PL_04,63,100.594,503321,1.6566,0.14428,0.03869538803417745,0.03869538803417745
PL_04,63,80.129,503322,1.5951,0.2604,0.10201511390828599,0.1055328764568476
PL_04,63,60.690,503323,1.5702,0.53375,0.3443191613806812,0.39811903034641255
PL_04,63,50.651,503324,1.5594,0.7488,0.35507913517382733,0.3227992137943886
PL_04,63,39.508,503325,1.5552,0.76325,0.484198820691583,0.44115892551899777
PL_04,63,30.063,503326,1.5379,1.0944,0.6778783489682162,0.6671183751750698
PL_04,63,20.155,503327,1.5288,0.95138,0.7639581393133864,0.7424381917270939
PL_04,63,10.529,503328,1.4304,0.29728,0.6025585324161922,0.5702786110367534
PL_04,63,3.300,503329,1.4251,0.2908,1.2925854439088391,0.9360101490374353
PL_05,65,173.733,503331,1.3771,0.083227,
PL_05,65,100.456,503332,1.6642,0.076001,0.021106575291369518,0.01758881274280792
PL_05,65,80.257,503333,1.679,0.15649,0.05980196332554697,0.05980196332554697
PL_05,65,60.620,503334,1.6116,0.27012,0.11256840155397076,0.1055328764568476
PL_05,65,49.741,503335,1.6041,0.47445,0.1688526023309561,0.17940588997664086
PL_05,65,40.003,503336,1.5389,0.7022,0.3443191613806811,0.4411589255189978
PL_05,65,29.969,503337,1.5147,0.96135,0.6886383227613624,0.6455984275887772
PL_05,65,19.675,503338,1.5395,1.0022,0.6455984275887772,0.634838453795631
PL_05,65,10.583,503339,1.5044,0.88983,0.6455984275887772,0.6886383227613624
PL_05,65,2.898,503340,1.493,0.89756,0.6455984275887772,0.5810385848298996
PL_06,67,188.634,503342,1.4157,0.089457,
PL_06,67,150.733,503343,1.3854,0.099923,
PL_06,67,100.509,503344,1.4945,0.13506,0.06683748842267014,0.06331972587410856
PL_06,67,80.155,503345,1.5999,0.22053,0.08090853861691646,0.08442630116547807
PL_06,67,60.836,503346,1.557,0.39321,0.186441415073764,0.18995917762232561
PL_06,67,50.060,503347,1.5613,0.54546,0.3550791351738274,0.3335591875875349
PL_06,67,39.742,503348,1.5669,0.79789,0.559518637243607,0.5810385848298996
PL_06,67,30.690,503349,1.5092,1.0331,0.6671183751750698,0.6455984275887774
PL_06,67,20.197,503350,1.4962,1.144,0.7316782179339475,0.7209182441408012
PL_06,67,10.123,503351,1.451,0.95213,0.7101582703476548,0.6671183751750698
PL_06,67,3.029,503352,1.451,0.93045,0.6455984275887772,0.7101582703476548
PL_07,69,285.555,503354,1.2536,0.071765,
PL_07,69,249.868,503355,1.2533,0.067778,
PL_07,69,149.969,503356,1.1897,0.077745,
PL_07,69,99.762,503357,1.3692,0.12434,0.03869538803417743,0.03869538803417743
PL_07,69,80.271,503358,1.4535,0.23224,0.06683748842267014,0.07387301351979329
PL_07,69,59.126,503359,1.4767,0.40816,0.1969947027194488,0.18644141507376408
PL_07,69,49.917,503360,1.4387,0.70345,0.37659908276012005,0.37659908276012005
PL_07,69,39.576,503361,1.429,0.7488,0.484198820691583,0.44115892551899777
PL_07,69,30.200,503362,1.4191,1.0286,0.5917985586230458,0.559518637243607
PL_07,69,19.387,503363,1.4221,0.99972,0.7101582703476549,0.602558532416192
PL_07,69,9.976,503364,1.4909,0.93568,0.6671183751750699,0.6778783489682162
PL_07,69,2.146,503365,1.4655,0.70992,0.5379986896573145,0.43039895172585146
PL_08,71,324.917,503367,1.23,0.07326,
PL_08,71,249.555,503368,1.2134,0.077994,
PL_08,71,149.914,503369,1.2432,0.07326,
PL_08,71,99.762,503370,1.2943,0.11562,0.4196389779327051,0.43039895172585146
PL_08,71,79.583,503371,1.4057,0.090204,0.5810385848298995,0.5702786110367533
PL_08,71,59.657,503372,1.4559,0.14727,0.6240784800024848,0.5810385848298996
PL_08,71,49.674,503373,1.4745,0.25666,0.2259594496560721,0.22595944965607198
PL_08,71,40.771,503374,1.4848,0.37128,0.1613996068971943,0.15063963310404804
PL_08,71,30.263,503375,1.4609,0.53176,0.07387301351979332,0.07387301351979329
PL_08,71,19.963,503376,1.436,1.0441,0.0457309131313006,0.0492486756798622
PL_08,71,9.454,503377,1.3698,0.7174,0.021106575291369518,0.021106575291369518
PL_08,71,2.736,503378,1.371,0.5948,0.038695388034177464,0.03869538803417745
PL_09,73,264.156,503380,1.1837,0.087463,
PL_09,73,249.628,503381,1.1962,0.092447,
PL_09,73,150.615,503382,1.304,0.082231,
PL_09,73,99.556,503383,1.1998,0.22352,0.14071050194246343,0.144228264491025
PL_09,73,79.149,503384,1.1914,0.45401,0.29051929241494967,0.2905192924149498
PL_09,73,59.906,503385,1.2556,0.67454,0.602558532416192,0.5379986896573142
PL_09,73,49.958,503386,1.2699,1.0869,1.3371573557677647,1.2925854439088393
PL_09,73,40.360,503387,1.2842,1.3822,1.8720202980748704,1.8274483862159454
PL_09,73,29.914,503388,1.3054,2.0897,3.476609124996189,3.610324860572965
PL_09,73,19.921,503389,1.3449,5.4275,8.264612837729969,8.141260407316087
PL_09,73,9.730,503390,1.3585,5.5987,8.387965268143848,8.881374989799367
PL_09,73,2.267,503391,1.325,4.7796,8.264612837729969,8.634670128971608
HL_02,76,159.012,503394,1.4624,0.13157,
HL_02,76,99.396,503395,1.586,0.80511,1.2480135320499137,1.248013532049914
HL_02,76,80.249,503396,1.6406,0.40642,0.6240784800024848,0.7424381917270939
HL_02,76,60.772,503397,1.6539,0.80212,1.2925854439088391,1.2925854439088391
HL_02,76,50.234,503398,1.6814,0.58957,1.248013532049914,1.2925854439088391
HL_02,76,40.324,503399,1.644,0.89432,1.9165922099337955,1.9165922099337964
HL_02,76,30.827,503400,1.6665,1.0359,1.9165922099337955,2.0057360336516465
HL_02,76,20.276,503401,1.5654,0.85395,0.6563584013819237,0.7101582703476548
HL_02,76,10.305,503402,1.6274,1.2083,1.337157355767765,1.2925854439088391
HL_02,76,2.811,503403,1.714,0.89282,1.3817292676266901,1.426301179485616
BBL_01,78,63.661,503405,1.676,1.3431,2.0503079455105726,2.2731675048052002
BBL_01,78,50.671,503406,1.75,3.3533,5.674211799038485,6.1676215206940075
BBL_01,78,40.688,503407,1.7606,4.7993,7.154440964005047,7.277793394418926
BBL_01,78,30.935,503408,1.77,5.8835,7.154440964005046,7.0310885335911655
BBL_01,78,20.730,503409,1.7697,2.7951,7.524498255246686,7.154440964005047
BBL_01,78,11.036,503410,1.7542,2.84,6.907736103177285,6.5376788119356455
BBL_01,78,2.746,503411,1.7322,0.75054,4.810744786141324,5.057449646969085
BBL_02,80,114.102,503413,1.5808,0.24594,0.3120392400012423,0.3227992137943886
BBL_02,80,80.001,503414,1.5926,0.26413,0.2797593186218034,0.3120392400012423
BBL_02,80,60.497,503415,1.6774,1.0904,1.7828764743570196,1.6045888269213178
BBL_02,80,50.680,503416,1.6818,1.6479,3.1200338301247843,2.9863180945480075
BBL_02,80,40.780,503417,1.6898,2.2068,4.687392355727445,4.193982634071924
BBL_02,80,30.455,503418,1.6733,5.1641,6.537678811935645,7.771203116074449
BBL_02,80,20.739,503419,1.6729,6.3248,11.573951278680884,11.091703308735847
BBL_02,80,10.968,503420,1.6291,5.1065,9.498137141868767,9.004727420213248
BBL_02,80,2.997,503421,1.5769,1.1188,6.290973951107885,7.154440964005048
BBL_03,82,103.466,503423,1.5024,0.25242,0.38735905655326625,0.559518637243607
BBL_03,82,79.891,503424,1.5827,1.1236,1.693732650639169,1.9611641217927218
BBL_03,82,60.315,503425,1.6114,1.4817,3.8239253428302833,3.577220482002524
BBL_03,82,50.470,503426,1.5995,2.8694,6.784383672763406,6.5376788119356455
BBL_03,82,40.245,503427,1.6051,5.7497,12.05619924862592,11.573951278680878
BBL_03,82,30.586,503428,1.5995,6.2129,7.524498255246686,8.141260407316087
BBL_03,82,21.012,503429,1.5693,7.8341,7.894555546488327,7.524498255246686
BBL_03,82,10.839,503430,1.5029,2.4014,5.550859368624605,5.550859368624605
BBL_03,82,2.215,503431,1.4954,0.71466,5.427506938210725,5.674211799038485
BBL_04,84,96.967,503433,1.5667,0.30949,0.37659908276012005,0.33355918758753494
BBL_04,84,79.700,503434,1.5685,0.22476,0.36583910896697375,0.3873590565532664
BBL_04,84,59.798,503435,1.5736,0.3207,0.7316782179339476,0.6240784800024846
BBL_04,84,49.936,503436,1.5784,0.62022,1.0697258846142115,1.0697258846142115
BBL_04,84,39.852,503437,1.5727,1.5821,3.2091776538426355,3.0308900064069335
BBL_04,84,30.240,503438,1.5727,1.6538,2.808030447112306,2.808030447112306
BBL_04,84,20.015,503439,1.5636,7.2258,15.431935038241177,15.914183008186214
BBL_04,84,10.217,503440,1.5586,3.3363,6.537678811935646,6.784383672763406
BBL_04,84,2.109,503441,1.539,2.8888,4.317335064485804,4.934097216555204
BBL_05,86,196.204,503443,1.1985,0.082231,
BBL_05,86,149.924,503444,1.2354,0.09469,
BBL_05,86,99.767,503445,1.2726,0.27535,0.5057187682778757,0.38735905655326625
BBL_05,86,80.114,503446,1.2903,0.73908,1.6491607387802432,1.6491607387802432
BBL_05,86,59.215,503447,1.3296,3.9129,4.934097216555204,4.810744786141324
BBL_05,86,50.258,503448,1.5201,2.1649,3.207163190760883,3.0838107603470037
BBL_05,86,39.169,503449,1.5836,2.2075,4.687392355727444,3.9472777732441635
BBL_05,86,30.327,503450,1.6641,4.0014,6.0442690902801255,6.414326381521764
BBL_05,86,19.825,503451,1.6345,2.2509,4.070630203658044,4.070630203658044
BBL_05,86,9.946,503452,1.5688,2.7497,5.304154507796844,5.180802077382963
BBL_05,86,2.252,503453,1.5612,2.7333,5.5508593686246055,5.180802077382963
BBL_06,88,1208.049,503455,1.1349,0.061299,
BBL_06,88,990.564,503456,1.11,0.06105,
BBL_06,88,755.677,503457,1.1305,0.065286,
BBL_06,88,507.079,503458,1.181,0.061548,
BBL_06,88,250.275,503459,1.1698,0.068526,
BBL_06,88,151.508,503460,1.1802,0.07326,
BBL_06,88,100.163,503461,1.1578,0.1383,0.07387301351979329,0.08090853861691646
BBL_06,88,79.979,503462,1.1625,0.16122,0.07035525097123171,0.08442630116547804
BBL_06,88,60.298,503463,1.2734,0.1692,0.13015721429677868,0.10905063900540916
BBL_06,88,49.696,503464,1.3136,0.17393,0.1266394517482171,0.12312168919965547
BBL_06,88,40.082,503465,1.326,0.1515,0.1477460270395866,0.144228264491025
BBL_06,88,30.067,503466,1.3741,0.25516,0.22595944965607206,0.2474793972423646
BBL_06,89,19.680,503467,1.3182,4.3744,5.057449646969085,5.057449646969085
BBL_06,89,10.046,503468,1.3756,4.6991,5.5508593686246055,6.167621520694006
BBL_06,89,1.846,503469,1.3725,4.7958,6.661031242349527,6.414326381521766
BBL_07,91,1499.382,503471,1.1462,0.06105,
BBL_07,91,1002.433,503472,1.1445,0.06105,
BBL_07,91,752.306,503473,1.1429,0.061299,
BBL_07,91,508.040,503474,1.1674,0.062047,
BBL_07,91,252.076,503475,1.1974,0.064539,
BBL_07,91,153.090,503476,1.1939,0.066781,
BBL_07,91,99.861,503477,1.1725,0.086218,0.04573091313130062,0.056284200776985364
BBL_07,91,82.576,503478,1.1805,0.087463,0.05980196332554697,0.06683748842267014
BBL_07,91,60.131,503479,1.1584,0.15474,0.11256840155397073,0.10905063900540914
BBL_07,91,50.076,503480,1.1517,0.17567,0.11608616410253235,0.11960392665109394
BBL_07,91,39.799,503481,1.1669,0.29852,0.27975931862180353,0.3335591875875349
BBL_07,91,30.402,503482,1.1748,0.52952,0.7209182441408014,0.6671183751750698
BBL_07,92,19.810,503483,1.3898,5.9901,7.894555546488327,8.634670128971608
BBL_07,92,9.843,503484,1.3413,2.0638,4.934097216555204,5.057449646969085
BBL_07,92,2.554,503485,1.3336,0.98452,4.934097216555204,5.057449646969085
NEC_10,94,87.184,503487,1.6255,0.21206,0.10553287645684753,0.10201511390828596
NEC_10,94,75.162,503488,1.6189,0.21804,0.0949795888111628,0.0773907760683549
NEC_10,94,60.081,503489,1.6119,0.2452,0.09849735135972441,0.09497958881116281
NEC_10,94,49.957,503490,1.5981,0.37353,0.13015721429677868,0.13015721429677868
NEC_10,94,40.344,503491,1.5613,0.45875,0.2797593186218035,0.2582393710355109
NEC_10,94,30.436,503492,1.5204,0.96036,0.602558532416192,0.5917985586230458
NEC_10,94,20.724,503493,1.5083,1.675,1.203441620190988,1.2034416201909883
NEC_10,94,10.778,503494,1.4447,0.64738,1.3817292676266906,1.3817292676266906
NEC_10,94,2.355,503495,0.8673,0.32543,1.3371573557677647,1.3371573557677647
NEC_09,95,91.107,503496,1.6265,0.13556,
NEC_09,95,74.723,503497,1.6291,0.13356,
NEC_09,95,59.885,503498,1.5709,0.34836,
NEC_09,95,50.045,503499,1.5271,0.54048,
NEC_09,95,40.647,503500,1.479,0.92323,
NEC_09,95,30.138,503501,1.5104,1.3496,
NEC_09,95,20.773,503502,1.4018,1.0311,
NEC_09,95,10.350,503503,1.3698,0.54048,
NEC_09,95,2.232,503504,1.3783,0.59181,
NEC_08,97,197.597,503506,1.1944,0.075004,
NEC_08,97,173.123,503507,1.2142,0.074755,
NEC_08,97,150.319,503508,1.2341,0.07924,
NEC_08,97,125.618,503509,1.306,0.08846,
NEC_08,97,100.529,503510,1.3622,0.10441,0.03869538803417745,0.03869538803417743
NEC_08,97,75.294,503511,1.4293,0.12883,0.06683748842267011,0.05980196332554697
NEC_08,97,60.003,503512,1.5474,0.14328,0.04924867567986218,0.04573091313130062
NEC_08,97,50.718,503513,1.5926,0.20209,0.06331972587410854,0.0738730135197933
NEC_08,97,40.320,503514,1.5492,0.44629,0.15126378958814818,0.14774602703958659
NEC_08,97,30.110,503515,1.4832,1.3127,0.9360101490374353,0.9360101490374353
NEC_08,97,20.108,503516,1.4576,1.226,1.3371573557677647,1.3371573557677647
NEC_08,97,10.188,503517,1.3622,0.54596,1.3371573557677647,1.2925854439088391
NEC_08,98,2.390,503518,1.365,0.29777,1.0697258846142115,1.1142977964731373
NEC_07,99,221.709,503519,1.1998,0.075253,
NEC_07,99,176.097,503520,1.1898,0.072512,
NEC_07,99,149.399,503521,1.1771,0.074257,
NEC_07,99,125.597,503522,1.148,0.09469,
NEC_07,99,101.020,503523,1.149,0.16072,
NEC_07,99,75.161,503524,1.1992,0.25865,
NEC_07,99,60.510,503525,1.3424,0.32319,
NEC_07,99,50.787,503526,1.4153,0.98154,
NEC_07,99,40.635,503527,1.4691,0.81184,
NEC_07,99,30.835,503528,1.4881,2.9112,
NEC_07,99,20.424,503529,1.4799,5.7267,
NEC_07,99,10.631,503530,1.4573,3.6717,
NEC_07,100,1.938,503531,1.4582,0.27834,
NEC_06,102,221.655,503533,1.1874,0.075503,
NEC_06,102,177.974,503534,1.1769,0.073011,
NEC_06,102,151.104,503535,1.1599,0.11363,
NEC_06,102,125.358,503536,1.2024,0.29528,
NEC_06,102,100.622,503537,1.3454,0.30849,0.3873590565532664,0.3335591875875349
NEC_06,102,75.413,503538,1.5195,1.8983,2.1394517692284234,2.184023681087349
NEC_06,102,60.511,503539,1.5705,4.7666,7.154440964005047,6.784383672763405
NEC_06,102,50.790,503540,1.6047,6.864,12.538447218570955,11.573951278680884
NEC_06,102,41.036,503541,1.6156,6.2124,7.771203116074447,7.647850685660567
NEC_06,102,30.333,503542,1.5939,2.1971,3.3305156211747633,3.330515621174763
NEC_06,102,20.934,503543,1.5642,0.85993,2.2285955929462746,2.184023681087349
NEC_06,102,9.685,503544,1.5204,0.99225,2.228595592946274,2.094879857369498
NEC_06,103,2.147,503545,1.4496,1.3536,3.075461918265859,2.9863180945480075
NEC_05,104,227.303,503546,1.1741,0.077745,
NEC_05,104,176.831,503547,1.1445,0.087214,
NEC_05,104,152.937,503548,1.1765,0.11487,
NEC_05,104,125.391,503549,1.2728,0.14876,
NEC_05,104,101.266,503550,1.3901,0.17866,
NEC_05,104,74.679,503551,1.5023,0.99075,
NEC_05,104,60.571,503552,1.5468,2.59,
NEC_05,104,50.040,503553,1.5637,4.4684,
NEC_05,104,39.788,503554,1.5721,4.205,
NEC_05,104,30.511,503555,1.5847,4.4335,
NEC_05,104,20.298,503556,1.5984,6.2767,
NEC_05,104,9.799,503557,1.5317,3.7913,
NEC_05,105,2.400,503558,1.4915,2.4617,
NEC_04,107,223.225,503560,1.1764,0.076001,
NEC_04,107,175.580,503561,1.1618,0.086716,
NEC_04,107,150.442,503562,1.147,0.089706,
NEC_04,107,125.067,503563,1.1539,0.11537,
NEC_04,107,100.068,503564,1.335,0.16047,0.23671942344921834,0.2797593186218034
NEC_04,107,75.658,503565,1.4685,0.3207,1.0251539727552865,0.6886383227613624
NEC_04,107,60.030,503566,1.5024,0.40692,1.0251539727552863,1.2925854439088391
NEC_04,107,50.710,503567,1.5343,1.2703,2.9417461826890827,2.718886623394455
NEC_04,107,40.255,503568,1.5424,2.218,5.304154507796845,5.180802077382964
NEC_04,107,29.936,503569,1.5675,3.4995,7.154440964005047,7.647850685660567
NEC_04,107,19.806,503570,1.5808,4.4365,9.251432281041009,9.498137141868769
NEC_04,107,9.685,503571,1.5598,3.9401,6.784383672763406,7.277793394418926
NEC_04,108,2.489,503572,1.4996,2.7687,5.797564229452366,5.674211799038484
NEC_03,109,206.596,503573,1.1695,0.077994,
NEC_03,109,174.524,503574,1.1665,0.085719,
NEC_03,109,148.451,503575,1.2049,0.12908,
NEC_03,109,124.939,503576,1.2493,0.21679,
NEC_03,109,100.152,503577,1.3184,0.18838,
NEC_03,109,75.047,503578,1.4188,0.44006,
NEC_03,109,59.707,503579,1.5277,0.96136,
NEC_03,109,49.823,503580,1.5625,2.8703,
NEC_03,109,40.056,503581,1.5664,3.2087,
NEC_03,109,29.491,503582,1.5784,5.0041,
NEC_03,109,19.285,503583,1.5673,2.7221,
NEC_03,109,10.408,503584,1.5501,3.8357,
NEC_02,112,201.186,503587,1.1761,0.084722,
NEC_02,112,174.520,503588,1.1843,0.085221,
NEC_02,112,148.786,503589,1.2978,0.20607,
NEC_02,112,125.859,503590,1.3543,0.35932,
NEC_02,112,100.435,503591,1.5113,0.95662,
NEC_02,112,75.196,503592,1.5413,3.4938,
NEC_02,112,60.426,503593,1.5394,4.2885,
NEC_02,112,49.796,503594,1.5648,6.0878,
NEC_02,112,39.930,503595,1.5932,7.3915,
NEC_02,112,30.350,503596,1.6053,6.0739,
NEC_02,112,20.441,503597,1.5888,2.8213,
NEC_02,112,10.722,503598,1.5196,2.9456,
NEC_02,113,3.103,503599,1.5476,2.6441,
NEC_01,115,93.502,503601,1.5201,1.7505,3.2071631907608826,3.3305156211747633
NEC_01,115,75.182,503602,1.5157,1.2008,2.7137534691053626,2.3436961778637224
NEC_01,115,60.275,503603,1.5147,1.6678,2.590401038691482,2.590401038691482
NEC_01,115,50.000,503604,1.5229,1.5479,2.139451769228424,2.406883240381976
NEC_01,115,40.371,503605,1.5272,2.6815,4.934097216555204,4.810744786141325
NEC_01,115,29.927,503606,1.5539,5.3824,6.661031242349527,7.401145824832806
NEC_01,115,19.727,503607,1.5698,6.4867,9.621489572282648,9.251432281041009
NEC_01,115,9.922,503608,1.5482,3.4786,6.414326381521764,6.167621520694005
NEC_01,115,3.520,503609,1.54,2.6533,5.427506938210725,5.427506938210725
GUL_01,117,684.613,503611,1.1478,0.084473,
GUL_01,117,499.073,503612,1.1741,0.20009,
GUL_01,117,252.161,503613,1.2548,0.15773,
GUL_01,117,100.052,503614,1.423,0.64364,1.3371573557677647,1.2034416201909883
GUL_01,117,78.531,503615,1.4093,1.6219,3.16460574198371,2.8971742708301567
GUL_01,117,60.142,503616,1.4205,1.9608,4.934097216555204,5.674211799038484
GUL_01,117,48.900,503617,1.4223,2.1512,4.440687494899684,3.823925342830283
GUL_01,117,39.804,503618,1.4311,3.2606,3.823925342830284,3.7005729124164035
GUL_01,117,29.743,503619,1.4048,1.4555,2.0969913170359615,3.083810760347003
GUL_01,117,19.618,503620,1.3886,1.1256,2.094879857369498,2.317739416664126
GUL_01,117,10.330,503621,1.361,0.58683,2.228595592946275,2.317739416664126
GUL_01,117,2.150,503622,1.3469,0.54646,2.451455152240902,2.184023681087349
GULD_03,119,455.299,503624,1.1883,0.11886,
GULD_03,119,250.008,503625,1.2557,0.07924,
GULD_03,119,101.039,503626,1.4151,0.51382,1.6045888269213178,1.426301179485616
GULD_03,119,81.434,503627,1.3991,1.4667,2.4960270640998274,2.5851708878176782
GULD_03,119,61.815,503628,1.3895,3.8043,4.934097216555204,5.304154507796845
GULD_03,119,51.816,503629,1.3915,2.814,4.687392355727443,4.934097216555204
GULD_03,119,41.825,503630,1.391,5.2996,4.5640399253135655,4.934097216555204
GULD_03,119,32.062,503631,1.3869,2.6638,3.9472777732441635,3.947277773244163
GULD_03,119,21.976,503632,1.3936,2.2417,2.3623113285230515,2.4960270640998274
GULD_03,119,11.818,503633,1.3641,1.0969,2.0503079455105726,2.0057360336516474
GULD_03,119,2.634,503634,1.362,1.0919,1.9611641217927218,2.139451769228423
GUL_02,121,1075.646,503636,1.1355,0.07326,
GUL_02,121,754.483,503637,1.1577,0.065784,
GUL_02,121,501.348,503638,1.185,0.080736,
GUL_02,121,251.785,503639,1.2662,0.10715,
GUL_02,121,101.222,503640,1.4141,0.28606,0.6671183751750699,0.6563584013819237
GUL_02,121,80.545,503641,1.4076,1.1266,2.094879857369498,1.9611641217927218
GUL_02,121,59.444,503642,1.3985,3.2608,5.304154507796844,5.180802077382964
GUL_02,121,49.995,503643,1.4172,3.6593,4.687392355727445,4.193982634071924
GUL_02,121,39.814,503644,1.4058,1.4194,2.362311328523051,2.362311328523051
GUL_02,121,30.070,503645,1.3816,1.0376,2.139451769228424,2.184023681087349
GUL_02,121,19.496,503646,1.3626,5.2363,2.3177394166641263,2.3177394166641254
GUL_02,121,9.833,503647,1.3291,1.3242,1.738304562498094,1.7383045624980946
GUL_02,122,2.841,503648,1.3634,1.0137,1.6937326506391688,1.426301179485616
GUL_03,124,1501.348,503650,1.1303,0.065784,
GUL_03,124,751.451,503651,1.1267,0.062794,
GUL_03,124,500.370,503652,1.1808,0.067529,
GUL_03,124,250.426,503653,1.261,0.15599,
GUL_03,124,99.744,503654,1.4643,0.47195,1.0251539727552863,0.9360101490374352
GUL_03,124,79.836,503655,1.4481,0.44853,1.3371573557677647,1.337157355767765
GUL_03,124,60.295,503656,1.4173,2.4263,3.947277773244163,3.700572912416403
GUL_03,124,50.673,503657,1.4127,4.1292,4.687392355727445,4.687392355727445
GUL_03,124,40.197,503658,1.4024,2.8113,4.193982634071923,4.564039925313564
GUL_03,124,29.905,503659,1.3979,3.6884,4.810744786141324,4.810744786141324
GUL_03,124,19.818,503660,1.3833,3.6042,4.070630203658044,3.947277773244163
GUL_03,124,9.820,503661,1.3556,2.2419,3.4538680515886426,3.700572912416403
GUL_03,125,2.848,503662,1.3423,1.9339,3.453868051588643,3.330515621174763
GUL_04,127,1499.635,503664,1.1113,0.06105,
GUL_04,127,753.717,503665,1.1107,0.061548,
GUL_04,127,500.835,503666,1.1311,0.063542,
GUL_04,127,249.383,503667,1.2539,0.11313,
GUL_04,127,99.478,503668,1.4232,0.16645,0.3227992137943886,0.3335591875875349
GUL_04,127,79.711,503669,1.4081,0.24046,0.35507913517382755,0.4303989517258515
GUL_04,127,60.751,503670,1.4685,0.50235,0.6993982965545087,0.6133185062093385
GUL_04,127,49.795,503671,1.4386,1.5071,1.5600169150623922,1.604588826921318
GUL_04,127,39.971,503672,1.4251,2.4281,3.700572912416403,3.7005729124164035
GUL_04,127,29.999,503673,1.4023,4.0874,4.070630203658044,4.810744786141325
GUL_04,127,20.256,503674,1.3768,2.9264,3.8239253428302833,3.823925342830283
GUL_04,127,10.237,503675,1.3389,2.0044,2.6297427996766043,2.7188866233944555
GUL_04,128,2.569,503676,1.3396,1.6685,3.4320372131372636,3.2983214775604863
LCM_01,130,30.334,503678,1.4377,3.0774,4.810744786141324,4.810744786141324
LCM_01,130,20.087,503679,1.4272,0.77945,1.8274483862159447,1.738304562498094
LCM_01,130,10.388,503680,1.404,0.26688,1.426301179485616,1.6045888269213178
LCM_01,130,2.322,503681,1.399,0.20657,1.7828764743570196,1.5154450032034665
LCM_02,132,50.686,503683,1.4362,2.13,2.0503079455105726,2.0057360336516465
LCM_02,132,39.917,503684,1.4408,2.214,1.8720202980748712,1.9611641217927218
LCM_02,132,30.448,503685,1.4226,2.5521,1.693732650639169,1.6937326506391688
LCM_02,132,20.445,503686,1.4097,2.457,1.6045888269213178,1.426301179485616
LCM_02,132,10.537,503687,1.3688,0.81558,1.5154450032034665,1.5600169150623922
LCM_02,132,1.977,503688,1.3716,0.53923,1.470873091344541,1.5600169150623922
LCM_03,134,72.471,503690,1.4746,0.95911,1.069725884614212,0.8468663253195841
LCM_03,134,60.079,503691,1.473,1.6927,2.0057360336516465,1.6937326506391688
LCM_03,134,50.031,503692,1.4493,2.0837,3.2091776538426355,2.852602358971232
LCM_03,134,40.211,503693,1.4564,2.1146,2.1394517692284234,2.094879857369498
LCM_03,134,31.068,503694,1.4232,1.9404,2.1394517692284234,2.050307945510573
LCM_03,134,20.382,503695,1.4079,1.4064,1.7383045624980946,1.693732650639169
LCM_03,134,10.535,503696,1.361,0.78667,1.2925854439088393,1.3817292676266906
LCM_03,134,3.250,503697,1.3646,1.2472,1.4263011794856157,1.426301179485616
LCM_04,136,399.695,503699,1.4721,0.098926,
LCM_04,136,201.105,503700,1.2076,0.088211,
LCM_04,136,101.469,503701,1.5168,0.18664,1.1588697083320627,1.1588697083320632
LCM_04,136,80.724,503702,1.4942,0.28257,0.3550791351738274,0.3981190303464126
LCM_04,136,60.665,503703,1.4395,1.0229,0.36583910896697375,0.35507913517382744
LCM_04,136,49.708,503704,1.4021,1.9377,2.5851708878176782,2.8080304471123068
LCM_04,136,40.650,503705,1.3806,3.4308,3.075461918265859,3.2091776538426355
LCM_04,136,31.063,503706,1.3886,2.9406,2.5405989759587526,2.6297427996766043
LCM_04,136,20.147,503707,1.3697,1.4495,2.2285955929462746,2.0948798573694978
LCM_04,136,10.315,503708,1.3535,1.5978,1.4263011794856157,1.426301179485616
LCM_04,136,2.632,503709,1.3514,1.0772,1.6937326506391688,1.6491607387802432
LCM_05,138,422.380,503711,1.1648,0.13182,
LCM_05,138,202.642,503712,1.2376,0.13406,
LCM_05,138,100.326,503713,1.4434,0.27311,0.3120392400012424,0.2474793972423646
LCM_05,138,79.856,503714,1.4662,0.27036,0.5595186372436068,0.5487586634504606
LCM_05,138,59.846,503715,1.4724,0.78169,1.069725884614212,1.0251539727552863
LCM_05,138,49.732,503716,1.4338,0.33017,0.6133185062093385,0.602558532416192
LCM_05,138,39.140,503717,1.42,1.5808,2.317739416664126,2.3177394166641254
LCM_05,138,29.711,503718,1.4057,2.5599,2.9863180945480075,2.8971742708301567
LCM_05,138,19.861,503719,1.3803,2.4719,2.9417461826890827,2.9417461826890827
LCM_05,138,9.723,503720,1.3534,3.6598,2.3623113285230506,2.3623113285230515
LCM_05,138,2.132,503721,1.3475,1.8774,2.4960270640998274,2.2285955929462746
LCM_06,140,415.927,503723,1.1508,0.08846,
LCM_06,140,199.562,503724,1.2267,0.08846,
LCM_06,140,103.159,503725,1.4775,0.14901,0.3012792662080961,0.2474793972423646
LCM_06,140,78.816,503726,1.4715,0.38349,0.6563584013819237,0.5379986896573145
LCM_06,140,60.040,503727,1.4248,1.3062,1.9611641217927218,1.9165922099337955
LCM_06,140,50.383,503728,1.4226,1.7916,2.9863180945480075,2.8971742708301567
LCM_06,140,39.611,503729,1.4093,2.9929,3.209177653842636,3.0754619182658587
LCM_06,140,29.386,503730,1.3966,2.838,3.075461918265859,2.763458535253381
LCM_06,140,20.319,503731,1.3777,1.9459,2.763458535253381,2.9863180945480083
LCM_06,140,9.928,503732,1.3577,1.8721,2.184023681087349,2.050307945510573
LCM_06,140,2.664,503733,1.349,1.5733,1.7828764743570196,1.9165922099337962
LCM_07,142,405.451,503735,1.1303,0.14527,
LCM_07,142,252.218,503736,1.214,0.13605,
LCM_07,142,99.964,503737,1.4049,0.24096,0.2044395020697795,0.22595944965607206
LCM_07,142,80.425,503738,1.4893,0.35185,0.5164787420710218,0.5164787420710218
LCM_07,142,59.977,503739,1.4864,1.0531,1.158869708332063,1.114297796473137
LCM_07,142,50.261,503740,1.4136,3.2561,4.193982634071924,4.4406874948996835
LCM_07,142,39.842,503741,1.4099,3.7604,5.057449646969085,4.564039925313565
LCM_07,142,29.889,503742,1.4109,4.2002,4.564039925313564,4.440687494899684
LCM_07,142,19.520,503743,1.3981,4.5835,4.070630203658044,3.823925342830283
LCM_07,142,10.812,503744,1.3964,5.0166,3.8239253428302833,3.700572912416403
LCM_07,142,3.419,503745,1.3894,3.8521,3.577220482002523,3.700572912416403
LCM_08,144,386.555,503747,1.1837,0.14802,
LCM_08,144,252.243,503748,1.357,0.074506,
LCM_08,144,99.625,503749,1.3574,0.26339,0.3981190303464126,0.40887900413955885
LCM_08,144,80.395,503750,1.4994,0.77421,0.9805820608963609,0.9805820608963609
LCM_08,144,59.987,503751,1.4464,2.9459,2.3177394166641254,2.6743147115355295
LCM_08,144,49.656,503752,1.4257,2.8307,2.2731675048052002,2.6743147115355295
LCM_08,144,40.104,503753,1.4245,3.1537,2.3623113285230506,2.451455152240902
LCM_08,144,30.994,503754,1.4049,2.8594,2.2731675048052,2.2731675048052002
LCM_08,144,20.145,503755,1.3931,2.5235,2.496027064099828,2.228595592946274
LCM_08,144,9.682,503756,1.3876,0.78593,2.184023681087349,2.2731675048052002
LCM_08,144,2.288,503757,1.3762,0.69248,2.0503079455105726,2.2731675048052002
LCM_09,146,229.393,503759,1.2136,0.091201,
LCM_09,146,100.076,503760,1.4698,0.58658,1.203441620190988,1.1142977964731375
LCM_09,146,80.796,503761,1.4697,0.32095,1.0251539727552865,0.8468663253195841
LCM_09,146,60.513,503762,1.4643,0.80736,1.158869708332063,1.1142977964731373
LCM_09,146,50.037,503763,1.4627,0.95163,1.2034416201909883,1.2034416201909883
LCM_09,146,39.956,503764,1.4281,4.2588,3.8239253428302833,4.070630203658044
LCM_09,146,29.710,503765,1.4017,5.5526,7.647850685660568,8.511317698557727
LCM_09,146,20.072,503766,1.3852,5.2074,7.647850685660566,7.277793394418926
LCM_09,146,9.688,503767,1.3704,3.3941,7.647850685660566,7.647850685660567
LCM_09,146,3.019,503768,1.3523,0.96883,7.401145824832806,7.894555546488327
LCM_10,149,97.035,503770,1.5017,0.27036,1.426301179485616,1.470873091344541
LCM_10,149,80.495,503771,1.4905,0.22302,1.5600169150623922,1.8274483862159454
LCM_10,149,60.141,503772,1.4658,2.1385,2.540598975958753,2.362311328523051
LCM_10,149,50.638,503773,1.4247,4.9989,3.700572912416403,3.453868051588643
LCM_10,149,41.008,503774,1.4274,4.7589,3.453868051588643,3.700572912416403
LCM_10,149,30.648,503775,1.4046,2.6262,3.8239253428302833,3.9472777732441635
LCM_10,149,20.135,503776,1.3984,4.7078,3.9472777732441635,3.9472777732441635
LCM_10,149,10.003,503777,1.3661,1.3224,3.4538680515886426,3.083810760347003
LCM_10,149,3.318,503778,1.3789,0.99424,3.8239253428302833,3.9472777732441635
LL_09,151,1504.481,503780,1.1178,0.062047,
LL_09,151,997.859,503781,1.1183,0.06728,
LL_09,151,501.253,503782,1.1352,0.07924,
LL_09,151,249.822,503783,1.2106,0.098178,
LL_09,151,149.450,503784,1.2317,0.10939,
LL_09,151,101.955,503785,1.2414,0.17543,0.2259594496560721,0.21519947586292573
LL_09,151,80.411,503786,1.2336,0.22177,0.2474793972423646,0.2797593186218034
LL_09,151,60.050,503787,1.2596,0.81035,0.8468663253195845,0.8914382371785098
LL_09,151,49.319,503788,1.2083,0.7311,0.6671183751750698,0.6455984275887772
LL_09,151,40.065,503789,1.1571,1.0608,0.6886383227613624,0.7101582703476548
LL_09,151,32.479,503790,1.1575,0.98527,0.7424381917270939,0.7316782179339476
LL_09,151,20.810,503791,1.1613,0.96932,0.6993982965545087,0.7316782179339476
LL_09,152,11.069,503792,1.1574,0.92672,0.7101582703476548,0.7424381917270939
LL_09,152,3.561,503793,1.161,0.8532,0.7316782179339476,0.7639581393133865
LL_07,154,731.518,503795,1.0995,0.066781,
LL_07,154,490.912,503796,1.1397,0.065286,
LL_07,154,249.729,503797,1.2097,0.081732,
LL_07,154,151.565,503798,1.2291,0.10491,
LL_07,154,100.187,503799,1.391,0.23473,0.3335591875875349,0.3550791351738274
LL_07,154,77.552,503800,1.458,0.29952,0.5379986896573145,0.6025585324161922
LL_07,154,61.356,503801,1.4733,0.75478,1.6937326506391688,1.7828764743570198
LL_07,154,49.742,503802,1.4321,1.748,3.9472777732441635,3.5772204820025233
LL_07,154,39.662,503803,1.3874,3.3112,3.207163190760882,3.207163190760882
LL_07,154,30.958,503804,1.3921,3.1597,3.453868051588643,3.330515621174763
LL_07,154,19.965,503805,1.384,2.762,2.9604583299331226,3.207163190760882
LL_07,154,9.741,503806,1.4383,2.7615,2.9604583299331226,2.837105899519242
LL_07,155,2.861,503807,1.3949,3.2072,3.453868051588643,3.2071631907608826
LL_06,157,58.891,503809,1.4283,1.0717,1.9611641217927214,1.9165922099337964
LL_06,157,50.595,503810,1.4311,0.9454,1.9165922099337962,1.8720202980748706
LL_06,157,39.888,503811,1.4398,1.2447,1.8274483862159454,1.7828764743570193
LL_06,157,28.815,503812,1.3794,1.1988,1.426301179485616,1.3371573557677647
LL_06,157,20.121,503813,1.3801,1.1036,1.3817292676266901,1.5154450032034668
LL_06,157,10.210,503814,1.3782,0.90205,1.5600169150623922,1.426301179485616
LL_06,157,2.910,503815,1.3804,0.70095,1.426301179485616,1.426301179485616
LL_05,159,253.587,503817,1.5872,0.1363,0.07035525097123171,0.09497958881116285
LL_05,159,101.208,503818,1.5836,0.14253,0.15829931468527136,0.1547815521367098
LL_05,159,80.036,503819,1.5705,0.16944,0.17215958069034054,0.1829195544834869
LL_05,159,60.451,503820,1.624,0.20732,0.10905063900540916,0.12663945174821709
LL_05,159,50.014,503821,1.6173,0.2457,0.12663945174821709,0.11960392665109394
LL_05,159,40.014,503822,1.6518,0.18539,0.08090853861691646,0.0914618262626012
LL_05,159,30.261,503823,1.6494,0.18165,0.11608616410253234,0.12312168919965547
LL_05,159,20.549,503824,1.6168,0.1388,0.11256840155397073,0.11256840155397076
LL_05,159,10.315,503825,1.5793,0.10939,0.14774602703958659,0.13719273939390184
LL_05,159,4.449,503826,1.5932,0.10715,0.18644141507376408,0.19347694017088723
LL_04,161,101.090,503828,1.6626,0.14378,
LL_04,161,81.445,503829,1.6582,0.18714,0.0914618262626012,0.09497958881116281
LL_04,161,60.179,503830,1.6814,0.14826,0.0773907760683549,0.0949795888111628
LL_04,161,51.018,503831,1.6261,0.15499,0.0773907760683549,0.14422826449102502
LL_04,161,39.468,503832,1.6144,0.18066,0.07387301351979329,0.09497958881116281
LL_04,161,29.709,503833,1.5974,0.20931,0.18292365252520246,0.18292365252520246
LL_04,161,20.527,503834,1.6603,0.14752,0.17588812742807927,0.16885260233095611
LL_04,161,10.199,503835,1.6517,0.11911,0.1794058899766409,0.2145835154622567
LL_04,161,2.944,503836,1.6523,0.1221,0.1653348397823945,0.17237036487951765
LL_03,163,131.150,503838,1.6174,0.15499,
LL_03,163,100.459,503839,1.5899,0.13232,0.05276643822842378,0.056284200776985364
LL_03,163,80.465,503840,1.6047,0.22103,0.10553287645684756,0.1231216891996555
LL_03,163,61.707,503841,1.6968,0.35534,0.301279266208096,0.3120392400012424
LL_03,163,51.033,503842,1.7147,0.71491,0.6563584013819237,0.634838453795631
LL_03,163,38.532,503843,1.9406,2.7869,2.0503079455105726,2.0948798573694978
LL_03,163,29.669,503844,1.9708,0.74207,0.5702786110367533,0.5272387158641682
LL_03,163,19.922,503845,1.9427,0.29154,0.45191889931214396,0.4411589255189978
LL_03,163,9.266,503846,1.9333,0.31098,0.4949587944847293,0.46267887310529027
LL_03,163,2.721,503847,1.9297,0.22177,0.6886383227613624,0.559518637243607
LL_02,165,133.190,503849,1.6229,0.11886,
LL_02,165,98.391,503850,1.6445,0.11014,0.059801963325547,0.06683748842267011
LL_02,165,80.003,503851,1.6718,0.19087,0.10905063900540914,0.07739077606835493
LL_02,165,61.680,503852,1.7464,0.20209,0.1512637895881482,0.14071050194246343
LL_02,165,49.326,503853,1.8299,0.74331,0.3550791351738274,0.3658391089669738
LL_02,165,40.674,503854,2.0212,0.94266,0.7316782179339476,0.6671183751750699
LL_02,165,30.330,503855,2.07,0.73185,0.39811903034641255,0.44115892551899777
LL_02,165,19.394,503856,1.9563,0.42361,0.2797593186218034,0.2582393710355109
LL_02,165,10.496,503857,1.9369,0.3815,0.33355918758753494,0.3443191613806812
LL_02,165,2.094,503858,1.9456,0.39371,0.3227992137943886,0.3120392400012424
LL_01,167,85.336,503860,1.9227,0.8562,0.527238715864168,0.5487586634504606
LL_01,167,80.841,503861,1.9516,1.0346,0.5379986896573145,0.5164787420710218
LL_01,167,60.759,503862,2.1198,0.87887,0.9805820608963607,0.9360101490374356
LL_01,167,49.674,503863,2.1355,2.28,1.1142977964731373,1.1588697083320632
LL_01,167,39.576,503864,2.1372,1.8574,1.0697258846142117,1.0697258846142117
LL_01,167,29.220,503865,2.1885,1.0737,0.6563584013819237,0.6886383227613624
LL_01,167,19.650,503866,2.1959,1.4667,0.6886383227613624,0.6455984275887772
LL_01,167,9.484,503867,2.1362,0.92422,0.4841988206915828,0.46267887310529043
LL_01,167,2.009,503868,2.1417,0.87762,0.47343884689843657,0.4949587944847293
CSL_06,169,262.171,503870,1.4525,0.18514,
CSL_06,169,200.086,503871,1.5441,0.20707,
CSL_06,169,150.078,503872,1.5983,0.1064,
CSL_06,169,99.892,503873,1.4905,0.16446,0.2474793972423646,0.2797593186218034
CSL_06,169,79.822,503874,1.4721,0.38599,0.6671183751750699,0.7424381917270939
CSL_06,169,59.865,503875,1.492,0.46124,0.2582393710355108,0.29051929241494967
CSL_06,169,49.908,503876,1.5262,0.25392,0.2797593186218034,0.2259594496560721
CSL_06,169,39.976,503877,1.5334,0.23822,0.3227992137943886,0.23671942344921829
CSL_06,169,29.936,503878,1.585,0.25766,0.24747939724236465,0.2797593186218035
CSL_06,169,19.995,503879,1.6036,0.36306,0.2582393710355108,0.23671942344921834
CSL_06,169,9.879,503880,1.6041,0.2138,0.2905192924149498,0.301279266208096
CSL_06,169,2.461,503881,1.6075,0.16097,0.3227992137943886,0.3012792662080961
CSL_05,171,471.407,503883,1.5003,0.11163,
CSL_05,171,301.414,503884,1.4594,0.07924,
CSL_05,171,250.688,503885,1.5171,0.080237,
CSL_05,171,200.800,503886,1.5948,0.087962,
CSL_05,171,150.774,503887,1.6356,0.091949,
CSL_05,171,100.728,503888,1.6267,0.13655,0.04924867567986221,0.04924867567986221
CSL_05,171,80.599,503889,1.6428,0.13755,0.07035525097123171,0.07739077606835493
CSL_05,171,60.658,503890,1.6573,0.22726,0.1512637895881482,0.15126378958814815
CSL_05,171,51.027,503891,1.7076,0.37627,0.3443191613806811,0.3443191613806812
CSL_05,171,40.756,503892,1.743,0.55443,0.44115892551899777,0.44115892551899777
CSL_05,171,30.285,503893,1.8445,0.25242,0.2905192924149497,0.2905192924149498
CSL_05,171,20.442,503894,1.7747,0.16122,0.14774602703958659,0.1547815521367098
CSL_05,172,9.595,503895,1.7594,0.1388,0.1512637895881482
CSL_05,172,2.988,503896,1.7605,0.10192,0.246243378399311,0.24624337839931099
CSL_04,174,460.860,503898,1.5274,0.088211,
CSL_04,174,300.845,503899,1.6165,0.087962,
CSL_04,174,249.860,503900,1.6063,0.082729,
CSL_04,174,200.180,503901,1.6795,0.088959,
CSL_04,174,149.980,503902,1.691,0.10839,
CSL_04,174,100.834,503903,1.7391,0.10989,0.05276643822842378,0.056284200776985364
CSL_04,174,79.923,503904,1.6892,0.16546,0.0914618262626012,0.08794406371403964
CSL_04,174,59.414,503905,1.5053,0.17842,0.16885260233095614,0.17588812742807927
CSL_04,174,49.923,503906,1.577,0.27261,0.1934769401708872,0.2474793972423646
CSL_04,174,39.725,503907,1.7098,0.57836,0.3443191613806812,0.37659908276012005
CSL_04,174,30.214,503908,1.9668,0.9175,0.6025585324161922,0.6563584013819235
CSL_04,174,20.129,503909,1.801,0.25043,0.3443191613806812,0.301279266208096
CSL_04,175,9.352,503910,1.7023,0.21131,0.13719273939390186,0.16181707723383293
CSL_04,175,3.660,503911,1.6983,0.22476,0.1653348397823945,0.17940588997664086
CSL_03,177,325.122,503913,1.5953,0.093942,
CSL_03,177,250.443,503914,1.6457,0.089706,
CSL_03,177,200.952,503915,1.6503,0.090204,
CSL_03,177,150.123,503916,1.6787,0.15175,
CSL_03,177,100.422,503917,1.7261,0.24694,0.10905063900540914,0.0914618262626012
CSL_03,177,80.460,503918,1.6775,0.20832,0.17588812742807927,0.2044395020697795
CSL_03,177,59.744,503919,1.6626,0.31322,0.45191889931214396,0.4088790041395589
CSL_03,177,50.284,503920,1.8524,0.3202,0.5057187682778754,0.559518637243607
CSL_03,177,39.938,503921,1.7883,0.76575,0.27975931862180353,0.301279266208096
CSL_03,177,29.494,503922,1.8327,0.30151,0.3443191613806812,0.37659908276012005
CSL_03,177,19.865,503923,1.7739,1.6705,0.8392779558654104,0.8285179820722642
CSL_03,177,9.854,503924,1.907,0.7174,0.8285179820722641,0.8500379296585566
CSL_03,178,3.092,503925,1.9405,1.0199,1.1588697083320632,1.2034416201909883
CSL_02,179,176.303,503927,1.6715,0.13132,
CSL_02,179,151.219,503928,1.7074,0.11263,
CSL_02,179,101.275,503929,1.5521,0.22925,0.2474793972423647,0.2474793972423647
CSL_02,179,79.903,503930,1.673,0.2275,0.301279266208096,0.301279266208096
CSL_02,179,60.792,503931,2.0189,0.69896,0.9805820608963609,1.0251539727552863
CSL_02,179,50.701,503932,2.0562,1.2778,1.3371573557677647,1.3371573557677647
CSL_02,179,39.817,503933,2.2591,1.3982,1.2925854439088393,1.2925854439088393
CSL_02,179,30.075,503934,2.2329,1.0371,1.426301179485616,1.3817292676266906
CSL_02,179,20.050,503935,2.2491,1.4176,0.9805820608963607,1.069725884614212
CSL_02,179,10.001,503936,2.2262,0.91251,0.4303989517258514,0.45191889931214413
CSL_02,179,2.839,503937,2.2286,0.77596,0.46267887310529043,0.484198820691583
CSL_01,181,73.110,503939,1.8635,0.46473,0.45191889931214396,0.43039895172585146
CSL_01,181,61.362,503940,1.9708,0.62844,0.9805820608963609,1.0251539727552865
CSL_01,181,50.302,503941,2.1014,1.2237,1.2925854439088393,1.2480135320499137
CSL_01,181,38.671,503942,2.1531,1.902,2.0503079455105726,1.8274483862159454
CSL_01,181,29.225,503943,2.1847,1.2713,0.7747181131065326,0.7424381917270939
CSL_01,181,19.149,503944,2.2068,0.85271,0.6563584013819237,0.6240784800024846
CSL_01,181,9.179,503945,2.2051,1.8619,0.5810385848298996,0.5379986896573145
CSL_01,181,2.359,503946,2.2117,1.6658,0.5702786110367533,0.5379986896573145
HL_02,184,156.696,503949,1.4857,0.11338,
HL_02,184,100.064,503950,1.4444,0.35284,0.14071050194246343,0.16181707723383293
HL_02,184,79.799,503951,1.6448,0.12733,0.06683748842267014,0.06331972587410852
HL_02,184,59.676,503952,1.4894,0.34886,0.16533483978239455,0.15829931468527136
HL_02,184,50.094,503953,1.5107,0.36705,0.1582993146852714,0.1547815521367098
HL_02,184,39.809,503954,1.6042,0.29404,0.13719273939390184,0.11608616410253235
HL_02,184,30.109,503955,1.6268,0.34063,0.1477460270395866,0.1407105019424634
HL_02,184,19.733,503956,1.6871,0.38275,0.17940588997664086,0.18644141507376408
HL_02,184,9.941,503957,1.6898,0.3045,0.18644141507376408,0.17940588997664086
HL_02,184,2.366,503958,1.6848,0.35309,0.21106575291369511,0.2075479903651335
