STATION,EVENT,PRESSURE,SAMPLE_ID,Temp_CTD_P,Temp_CTD_S,Cond_CTD_P,Cond_CTD_S,Sal_CTD_P,Sal_CTD_S,Sal_Rep1,Sal_Rep2
HL_00,1,64.892,503022,2.3052,2.3052,2.783705,2.785294,30.9932,31.0127,
HL_00,1,64.954,503023,2.3054,2.3054,2.783714,2.785309,30.9931,31.0128,
HL_00,1,64.958,503024,2.3053,2.3053,2.78371,2.785303,30.9932,31.0127,
HL_00,1,64.942,503025,2.3064,2.3062,2.783675,2.785278,30.9917,31.0116,
HL_00,1,64.921,503026,2.3071,2.3069,2.78365,2.785245,30.9907,31.0105,
HL_00,1,64.907,503027,2.3068,2.3064,2.783661,2.785261,30.9912,31.0112,
HL_00,1,64.905,503028,2.3057,2.3056,2.78372,2.78531,30.993,31.0126,
HL_00,1,64.924,503029,2.3057,2.3059,2.783709,2.785295,30.9928,31.0121,
HL_00,1,64.942,503030,2.3069,2.3065,2.783676,2.785286,30.9913,31.0114,
HL_00,1,64.930,503031,2.3064,2.3064,2.7837,2.785286,30.9921,31.0115,
HL_00,1,64.924,503032,2.3065,2.3064,2.783687,2.785279,30.9917,31.0114,
HL_00,1,64.921,503033,2.3064,2.3061,2.783691,2.785296,30.992,31.0119,
HL_01,4,84.016,503036,2.0837,2.0828,2.789321,2.79083,31.2695,31.289,31.25650978088379
HL_01,4,61.102,503037,2.2389,2.2388,2.78914,2.790693,31.1268,31.146,
HL_01,4,50.004,503038,2.2293,2.2291,2.780583,2.782156,31.0367,31.0562,
HL_01,4,40.096,503039,2.1579,2.1557,2.770428,2.771919,30.9866,31.0071,
HL_01,4,30.124,503040,2.1884,2.1882,2.771367,2.772968,30.9736,30.9935,
HL_01,4,20.003,503041,2.2305,2.2302,2.774014,2.775589,30.9705,30.9901,
HL_01,4,10.050,503042,2.282,2.2829,2.776422,2.778141,30.955,30.9753,30.98346519470215
HL_01,4,1.564,503043,2.2546,2.254,2.774835,2.776365,30.9667,30.9861,
HL_02,9,142.424,503046,5.3978,5.3961,3.239027,3.240317,33.2941,33.3105,33.28890609741211
HL_02,9,98.670,503047,2.7096,2.7127,2.925526,2.927405,32.31,32.3298,
HL_02,9,80.269,503048,2.3522,2.3526,2.877168,2.878782,32.0872,32.1067,
HL_02,9,60.787,503049,2.6658,2.6655,2.888129,2.88969,31.9178,31.9371,
HL_02,9,49.984,503050,2.2909,2.2908,2.835682,2.837252,31.6541,31.6736,
HL_02,9,39.989,503051,2.4926,2.4924,2.827307,2.828902,31.3572,31.3769,
HL_02,9,30.053,503052,2.7096,2.7095,2.834021,2.835626,31.2319,31.2515,
HL_02,9,20.087,503053,2.3756,2.3734,2.789355,2.790674,31.0174,31.0357,
HL_02,9,10.077,503054,2.301,2.3007,2.776666,2.778249,30.9396,30.9593,30.988134384155273
HL_02,9,1.813,503055,2.6232,2.6138,2.794926,2.797186,30.8549,30.8915,
HL_03,11,261.870,503057,8.7327,8.7328,3.684405,3.68579,34.8205,34.835,34.83143997192383
HL_03,11,201.137,503058,9.2718,9.2715,3.728903,3.730269,34.7876,34.802,
HL_03,11,100.131,503059,8.1875,8.1872,3.558402,3.5598,34.0946,34.1098,
HL_03,11,80.164,503060,6.365,6.3667,3.337039,3.338713,33.4741,33.4911,
HL_03,11,61.338,503061,3.6184,3.6188,3.012962,3.014549,32.4723,32.4909,
HL_03,11,50.199,503062,3.3974,3.3976,2.959014,2.960598,32.0535,32.0722,
HL_03,11,40.096,503063,3.4504,3.4506,2.943328,2.944924,31.819,31.8379,
HL_03,11,30.049,503064,3.4732,3.4747,2.940597,2.942276,31.7693,31.7879,
HL_03,11,19.915,503065,3.6869,3.6974,2.955594,2.958021,31.7442,31.7628,
HL_03,11,10.041,503066,3.9164,3.9192,2.974081,2.975849,31.7446,31.7628,31.759918212890625
HL_03,11,2.805,503067,3.9385,3.9387,2.975604,2.97719,31.7448,31.7633,
HL_03.3,13,198.507,503069,9.1965,9.1961,3.728619,3.729964,34.8592,34.8736,34.8687629699707
HL_03.3,13,100.793,503070,6.8505,6.8484,3.402128,3.4034,33.7076,33.7236,
HL_03.3,13,80.387,503071,4.6921,4.6974,3.131145,3.133411,32.7847,32.8058,
HL_03.3,13,60.192,503072,3.7546,3.7541,3.013756,3.015253,32.3469,32.3652,
HL_03.3,13,49.697,503073,3.7369,3.737,3.009241,3.010819,32.3163,32.3349,
HL_03.3,13,40.040,503074,3.793,3.7923,3.011398,3.012933,32.2913,32.3102,
HL_03.3,13,29.902,503075,3.8602,3.8601,3.015819,3.017371,32.2825,32.3009,
HL_03.3,13,20.209,503076,4.1249,4.1186,3.035358,3.036492,32.257,32.2765,
HL_03.3,13,9.811,503077,4.2282,4.2274,3.041469,3.042943,32.2326,32.2506,32.25198745727539
HL_03.3,13,2.281,503078,4.2255,4.2264,3.041025,3.042589,32.2338,32.2513,
HL_04,16,75.700,503080,5.6243,5.6248,3.249491,3.251023,33.2224,33.2392,33.23380661010742
HL_04,16,59.750,503081,3.9044,3.9024,3.034792,3.03607,32.4477,32.4648,
HL_04,16,51.412,503082,3.8353,3.835,3.022803,3.024331,32.3787,32.397,
HL_04,16,40.075,503083,3.8503,3.85,3.021577,3.023196,32.3552,32.3746,
HL_04,16,30.440,503084,3.876,3.8759,3.021987,3.023516,32.3395,32.3578,
HL_04,16,20.304,503085,4.0993,4.0987,3.035012,3.036536,32.278,32.2965,
HL_04,16,10.223,503086,4.1896,4.1891,3.039503,3.040998,32.2472,32.2651,32.259708404541016
HL_04,16,2.051,503087,4.1872,4.1873,3.039146,3.040665,32.2495,32.2673,
HL_05,18,94.068,503089,6.0344,6.0221,3.32717,3.327223,33.6835,33.6963,33.69125747680664
HL_05,18,79.897,503090,5.8645,5.8642,3.304825,3.306267,33.608,33.6246,
HL_05,18,59.733,503091,4.8443,4.8452,3.155186,3.156763,32.9228,32.9401,
HL_05,18,51.286,503092,4.7445,4.7449,3.143512,3.145036,32.8909,32.9082,
HL_05,18,40.648,503093,4.7665,4.7665,3.144605,3.146061,32.8872,32.9041,
HL_05,18,31.321,503094,4.7441,4.7463,3.141186,3.142848,32.8746,32.8917,
HL_05,18,20.380,503095,4.1547,4.1599,3.063514,3.065725,32.5583,32.5791,
HL_05,18,9.943,503096,4.12,4.1189,3.058722,3.060118,32.5418,32.5593,32.55171203613281
HL_05,18,2.889,503097,4.1262,4.126,3.059105,3.06062,32.5438,32.5618,
HL_05.5,20,405.786,503099,6.7973,6.7997,3.515066,3.5167,34.8555,34.8711,34.857940673828125
HL_05.5,20,252.416,503100,8.1067,8.106,3.621171,3.622545,34.7712,34.7867,34.774784088134766
HL_05.5,20,101.974,503101,8.9404,8.9412,3.650388,3.651955,34.3359,34.3516,
HL_05.5,20,80.392,503102,4.5884,4.589,3.1481,3.149724,33.0848,33.1031,
HL_05.5,20,60.598,503103,2.9918,2.9923,2.950101,2.951745,32.345,32.3643,
HL_05.5,20,50.145,503104,2.9616,2.9629,2.940907,2.942602,32.2694,32.2886,
HL_05.5,20,41.011,503105,2.9765,2.9769,2.941459,2.943098,32.266,32.2854,
HL_05.5,20,30.963,503106,2.9728,2.9731,2.940568,2.942198,32.2642,32.2836,
HL_05.5,20,20.670,503107,2.9732,2.9736,2.940126,2.941757,32.2639,32.2833,
HL_05.5,20,9.677,503108,2.9813,2.9815,2.940092,2.941701,32.2612,32.2805,32.274742126464844
HL_05.5,20,4.639,503109,2.9854,2.9856,2.940183,2.941822,32.2609,32.2805,
HL_06,22,1122.566,503111,4.1833,4.1829,3.315911,3.317352,34.9303,34.9476,34.94039535522461
HL_06,22,998.581,503112,4.3626,4.3623,3.327287,3.328715,34.9375,34.9545,34.951900482177734
HL_06,22,899.286,503113,4.4441,4.444,3.329878,3.331329,34.9324,34.9495,34.944278717041016
HL_06,22,750.697,503114,4.7317,4.7314,3.348512,3.349965,34.9236,34.9408,34.935367584228516
HL_06,22,503.353,503115,6.0449,6.0453,3.460522,3.462033,34.9667,34.9833,34.97673416137695
HL_06,22,251.331,503116,7.8222,7.8249,3.585745,3.587482,34.6738,34.6898,34.6613883972168,34.6742057800293
HL_06,22,151.287,503117,7.6301,7.6244,3.529687,3.530519,34.3073,34.3219,
HL_06,22,100.216,503118,4.6077,4.6073,3.184965,3.186554,33.4843,33.5033,
HL_06,22,79.621,503119,2.7146,2.7134,2.972847,2.974397,32.893,32.9132,
HL_06,22,59.884,503120,2.5237,2.5234,2.917185,2.91873,32.4166,32.4359,
HL_06,22,49.386,503121,2.5885,2.589,2.9181,2.919783,32.3678,32.3879,32.38166809082031
HL_06,22,40.907,503122,2.6299,2.6311,2.920645,2.922357,32.3616,32.3814,
HL_06,23,30.583,503123,2.676,2.6764,2.922878,2.924605,32.3478,32.3686,
HL_06,23,20.354,503124,3.0707,3.07,2.94856,2.95016,32.2684,32.2885,
HL_06,23,10.730,503125,3.0787,3.0779,2.948758,2.950339,32.268,32.2878,32.28125
HL_06,23,3.692,503126,3.0804,3.081,2.948632,2.950318,32.2684,32.2882,
HL_07,25,1498.891,503128,3.8889,3.8884,3.304897,3.306312,34.9235,34.9407,34.93935775756836
HL_07,25,1252.084,503129,4.0337,4.0336,3.307395,3.308855,34.9227,34.94,34.93364334106445
HL_07,25,1001.723,503130,4.2926,4.2923,3.320819,3.322275,34.9338,34.9511,34.945613861083984
HL_07,25,751.002,503131,4.73,4.7297,3.349755,3.351212,34.9396,34.9569,34.9515495300293
HL_07,25,502.022,503132,5.52,5.5202,3.407264,3.408741,34.9057,34.9223,34.915531158447266
HL_07,25,250.347,503133,5.5115,5.489,3.351453,3.350719,34.4064,34.4211,34.41465377807617
HL_07,25,149.615,503134,10.2041,10.1863,3.843882,3.843862,35.0897,35.1066,
HL_07,25,99.332,503135,5.3516,5.3482,3.28238,3.28365,33.8573,33.8753,
HL_07,25,81.501,503136,4.445,4.4336,3.167696,3.168048,33.4572,33.4729,
HL_07,25,59.818,503137,2.4954,2.4959,2.953413,2.954984,32.8907,32.9096,
HL_07,25,48.697,503138,2.863,2.8628,2.971751,2.973291,32.7445,32.7635,32.76030349731445
HL_07,25,41.003,503139,3.0596,3.0593,2.97783,2.979426,32.6227,32.6423,
HL_07,26,28.233,503140,2.96,2.959,2.952936,2.954515,32.4284,32.4486,
HL_07,26,18.236,503141,2.9749,2.9771,2.95376,2.955595,32.4288,32.4488,
HL_07,26,10.548,503142,2.9872,2.987,2.954436,2.956007,32.4287,32.4479,32.44105529785156
HL_07,26,5.750,503143,2.9888,2.9885,2.954383,2.955975,32.4289,32.4486,
HL_06.7,29,1497.140,503145,3.9495,3.9496,3.311168,3.312659,34.9344,34.9518,34.94389724731445
HL_06.7,29,1258.564,503146,4.0534,4.0526,3.309968,3.311388,34.9291,34.9465,34.940093994140625
HL_06.7,29,1003.530,503147,4.3854,4.3853,3.329851,3.331334,34.9411,34.9585,34.95051193237305
HL_06.7,29,755.325,503148,5.2303,5.2312,3.399636,3.401182,34.991,35.0078,33.28045654296875
HL_06.7,29,501.765,503149,5.6439,5.6435,3.411544,3.413004,34.8267,34.8436,34.8379020690918
HL_06.7,29,250.673,503150,5.7773,5.7766,3.369117,3.370542,34.3361,34.3529,34.342498779296875
HL_06.7,29,153.637,503151,9.7459,9.7478,3.760277,3.761904,34.6749,34.6898,
HL_06.7,29,99.086,503152,8.4009,8.3956,3.590649,3.591588,34.2306,34.2457,
HL_06.7,29,79.400,503153,3.1827,3.1848,3.024142,3.02622,33.037,33.06,
HL_06.7,29,59.174,503154,2.7042,2.7049,2.933431,2.935114,32.433,32.4528,
HL_06.7,29,50.529,503155,2.7269,2.7258,2.931886,2.933444,32.3958,32.4159,32.41288757324219
HL_06.7,29,40.021,503156,2.9793,2.9741,2.952713,2.953965,32.4,32.4205,
HL_06.7,30,30.925,503157,2.9586,2.959,2.948947,2.950572,32.38,32.3994,
HL_06.7,30,19.181,503158,2.98,2.98,2.945584,2.947204,32.324,32.3437,
HL_06.7,30,9.442,503159,2.9872,2.9872,2.946174,2.947797,32.3291,32.3488,32.34402847290039
HL_06.7,30,4.646,503160,2.9905,2.9904,2.946299,2.947897,32.3298,32.3493,
HL_06.3,32,1493.619,503162,3.8725,3.8723,3.303829,3.305299,34.9308,34.9483,
HL_06.3,32,993.973,503163,4.2891,4.2888,3.31978,3.321247,34.9292,34.9467,34.94489669799805
HL_06.3,32,749.768,503164,4.6411,4.6409,3.339974,3.341461,34.9198,34.9372,
HL_06.3,32,510.554,503165,5.4633,5.4633,3.398493,3.400016,34.86,34.8774,34.87946319580078
HL_06.3,32,254.938,503166,6.0037,5.9992,3.398164,3.399242,34.432,34.4487,34.45149612426758
HL_06.3,32,152.034,503167,11.7439,11.7433,4.002485,4.003868,35.2002,35.2143,
HL_06.3,32,104.339,503168,10.5628,10.5606,3.840856,3.842183,34.7352,34.7506,
HL_06.3,32,84.084,503169,3.3924,3.3874,3.047724,3.04866,33.1044,33.1208,
HL_06.3,32,61.895,503170,2.6782,2.6786,2.932437,2.934122,32.4457,32.4658,
HL_06.3,32,49.791,503171,3.0396,3.0217,2.960676,2.960905,32.4306,32.4514,
HL_06.3,32,38.696,503172,3.1317,3.1327,2.96819,2.969905,32.4347,32.4544,
HL_06.3,32,29.420,503173,3.1397,3.1397,2.968639,2.970282,32.437,32.4568,
HL_06.3,33,18.742,503174,2.9239,2.9234,2.942905,2.94454,32.3482,32.3685,
HL_06.3,33,10.249,503175,2.9674,2.967,2.945446,2.947073,32.3398,32.3599,32.35468673706055
HL_06.3,33,3.162,503176,2.9611,2.9611,2.944863,2.946498,32.3428,32.3626,
YL_01,35,69.360,503178,3.9953,3.9951,2.980537,2.982168,31.7141,31.7334,31.723604202270508
YL_01,35,50.313,503179,3.9739,3.9736,2.975409,2.977028,31.6841,31.7034,
YL_01,35,40.916,503180,3.9545,3.9541,2.971524,2.973136,31.662,31.6813,
YL_01,35,30.533,503181,3.9288,3.928,2.96664,2.968143,31.6346,31.653,
YL_01,35,19.521,503182,3.8852,3.8853,2.957808,2.959468,31.5782,31.5976,
YL_01,35,9.403,503183,3.8178,3.8175,2.942871,2.944467,31.4721,31.4912,31.488204956054688
YL_01,35,2.915,503184,3.8214,3.8214,2.94301,2.944635,31.4735,31.4928,
YL_02,38,116.661,503186,4.6943,4.6942,3.093859,3.095479,32.3325,32.3514,32.34462356567383
YL_02,38,99.072,503187,4.673,4.6738,3.090125,3.091872,32.319,32.3384,
YL_02,38,82.076,503188,4.6185,4.6187,3.081807,3.083463,32.2843,32.3033,
YL_02,38,60.132,503189,4.3221,4.3223,3.036756,3.038419,32.0601,32.0793,
YL_02,38,49.576,503190,4.2749,4.2749,3.026296,3.027929,31.9892,32.0083,
YL_02,38,40.068,503191,4.2737,4.2735,3.024288,3.025908,31.9717,31.9909,
YL_02,38,31.173,503192,4.2884,4.289,3.024457,3.026098,31.9639,31.9825,
YL_02,38,20.870,503193,4.3456,4.346,3.026798,3.028472,31.9409,31.9601,
YL_02,38,10.743,503194,4.2555,4.2547,3.014292,3.015854,31.8874,31.9064,31.901077270507812
YL_02,38,3.945,503195,4.2555,4.2551,3.013907,3.015516,31.8863,31.9055,
YL_03,40,204.433,503197,7.1956,7.1954,3.441,3.442514,33.7453,33.762,33.75480270385742
YL_03,40,151.155,503198,7.0213,7.0209,3.412627,3.414127,33.6312,33.6479,
YL_03,40,99.800,503199,5.8376,5.8384,3.250295,3.252019,33.01,33.0286,
YL_03,40,81.279,503200,5.2579,5.2555,3.17207,3.173385,32.6988,32.7162,
YL_03,40,60.562,503201,4.7263,4.7265,3.09473,3.096346,32.3396,32.3581,
YL_03,40,49.092,503202,4.7367,4.7369,3.080013,3.081721,32.1651,32.1847,
YL_03,40,40.222,503203,4.8449,4.8455,3.06581,3.067482,31.9014,31.92,
YL_03,40,30.865,503204,4.9111,4.9114,3.068948,3.070605,31.8786,31.8973,
YL_03,40,20.025,503205,4.9337,4.9338,3.070375,3.072005,31.8787,31.8973,
YL_03,40,9.226,503206,4.9769,4.9775,3.073225,3.07489,31.8753,31.8939,31.887184143066406
YL_03,40,4.153,503207,4.9856,4.9858,3.073706,3.075381,31.8751,31.8941,
YL_04,42,236.477,503209,8.0609,8.0605,3.553844,3.555343,34.1045,34.1208,34.11560821533203
YL_04,42,151.525,503210,7.8501,7.8495,3.507117,3.508627,33.8492,33.866,
YL_04,42,99.975,503211,6.6086,6.6067,3.32759,3.328991,33.1221,33.1394,
YL_04,42,81.737,503212,5.4426,5.4411,3.16703,3.168405,32.4617,32.4787,
YL_04,42,59.059,503213,4.7888,4.7904,3.059745,3.061513,31.8761,31.8949,
YL_04,42,50.411,503214,4.8188,4.819,3.058995,3.060649,31.8429,31.8618,
YL_04,42,40.264,503215,4.9054,4.9062,3.065814,3.067529,31.8434,31.8623,
YL_04,42,29.837,503216,4.9254,4.9254,3.064757,3.066393,31.8173,31.8361,
YL_04,42,20.637,503217,4.9781,4.9813,3.068581,3.07043,31.8153,31.8334,
YL_04,42,10.530,503218,5.0617,5.0622,3.075012,3.076678,31.8141,31.8327,31.82630729675293
YL_04,42,3.104,503219,5.0733,5.0748,3.07564,3.077361,31.8138,31.8322,
YL_05,45,174.205,503221,8.0518,8.0507,3.534618,3.535992,33.9375,33.9531,33.922725677490234
YL_05,45,150.337,503222,7.7777,7.7794,3.491799,3.493548,33.7553,33.7725,
YL_05,45,100.900,503223,6.3596,6.3593,3.295805,3.297328,33.0107,33.0279,
YL_05,45,80.039,503224,5.7687,5.7693,3.212851,3.214537,32.6651,32.6835,
YL_05,45,60.691,503225,5.0788,5.0783,3.116563,3.118115,32.2485,32.2667,
YL_05,45,49.474,503226,4.8755,4.8757,3.08613,3.087769,32.1011,32.1198,
YL_05,45,39.892,503227,4.9825,4.9827,3.077379,3.079099,31.9025,31.922,
YL_05,45,30.037,503228,5.081,5.0805,3.081688,3.083284,31.8624,31.8811,
YL_05,45,19.915,503229,5.2568,5.2551,3.096614,3.098124,31.87,31.8888,
YL_05,45,9.915,503230,5.4193,5.4195,3.110065,3.111706,31.8731,31.8914,31.884384155273438
YL_05,45,2.450,503231,5.4323,5.4334,3.110829,3.112495,31.873,31.8908,
YL_06,47,123.991,503233,5.5427,5.5407,3.181408,3.182777,32.5071,32.5245,32.5084114074707
YL_06,47,100.939,503234,5.0655,5.0658,3.113259,3.114954,32.2035,32.2226,
YL_06,47,79.997,503235,4.9327,4.9324,3.08652,3.088065,32.0353,32.0533,
YL_06,47,59.819,503236,4.9964,4.9964,3.075137,3.076789,31.8536,31.8726,
YL_06,47,50.216,503237,4.9841,4.984,3.07149,3.073115,31.8283,31.847,
YL_06,47,40.527,503238,4.9925,4.9924,3.071795,3.073425,31.8285,31.8473,
YL_06,47,31.038,503239,5.0681,5.0714,3.078638,3.080566,31.8394,31.8583,
YL_06,47,19.411,503240,5.3348,5.334,3.100561,3.102123,31.8408,31.8594,
YL_06,47,10.274,503241,5.3863,5.3861,3.10345,3.105055,31.8292,31.8476,31.846656799316406
YL_06,47,2.367,503242,5.3829,5.3827,3.103053,3.104653,31.8318,31.8501,
YL_07,49,140.308,503244,7.2355,7.2371,3.410317,3.412069,33.4033,33.4208,33.41856002807617
YL_07,49,100.938,503245,5.6402,5.6405,3.195501,3.197148,32.5835,32.6017,
YL_07,49,81.434,503246,4.9834,4.9858,3.10198,3.103983,32.1632,32.1839,
YL_07,49,60.457,503247,4.7697,4.7698,3.053851,3.055499,31.8258,31.8447,
YL_07,49,49.428,503248,4.8003,4.801,3.052776,3.054405,31.7895,31.8076,
YL_07,49,39.829,503249,4.8497,4.849,3.052165,3.05378,31.74,31.7593,
YL_07,49,29.851,503250,4.9268,4.9266,3.054806,3.056424,31.7017,31.7205,
YL_07,49,19.834,503251,5.163,5.1647,3.072782,3.074573,31.6877,31.7065,
YL_07,49,10.410,503252,5.2138,5.2135,3.076429,3.078037,31.6857,31.7043,31.6958065032959,31.697235107421875
YL_07,49,2.450,503253,5.2128,5.2128,3.076021,3.077575,31.6858,31.7035,
YL_08,51,135.508,503255,7.6777,7.677,3.43094,3.432421,33.2042,33.2208,33.20927810668945
YL_08,51,100.788,503256,7.2563,7.2569,3.363407,3.365034,32.8925,32.9095,
YL_08,51,79.966,503257,6.3949,6.3955,3.246716,3.248381,32.4424,32.4603,
YL_08,51,59.444,503258,5.0793,5.0734,3.09693,3.097919,32.0239,32.0408,
YL_08,51,50.216,503259,4.7214,4.7236,3.045327,3.047096,31.7788,31.7972,
YL_08,51,40.997,503260,5.021,5.0211,3.062953,3.064606,31.6999,31.7187,
YL_08,51,29.708,503261,5.0299,5.0316,3.062863,3.064602,31.6959,31.7143,
YL_08,51,19.345,503262,5.119,5.1192,3.068577,3.070223,31.6817,31.7003,
YL_08,51,9.688,503263,5.1273,5.1272,3.068515,3.070136,31.6778,31.6964,31.68909454345703
YL_08,51,2.847,503264,5.1327,5.1327,3.068596,3.070224,31.677,31.6956,
YL_09,53,82.756,503266,5.6999,5.6987,3.158494,3.159985,32.1177,32.1356,32.124149322509766
YL_09,53,59.762,503267,5.305,5.305,3.112985,3.114601,31.9907,32.0091,
YL_09,53,49.775,503268,4.9174,4.918,3.06917,3.070852,31.8658,31.8845,
YL_09,53,39.609,503269,4.9995,5.0004,3.071738,3.073476,31.8217,31.8407,
YL_09,53,30.689,503270,4.7486,4.7488,3.039709,3.041432,31.6977,31.7174,
YL_09,53,19.809,503271,4.8734,4.8778,3.034545,3.036292,31.5248,31.5407,
YL_09,53,9.597,503272,5.0616,5.0677,3.023914,3.024522,31.2308,31.2319,31.279077529907227
YL_09,53,2.586,503273,5.8066,5.8073,2.973996,2.975541,29.9915,30.0081,
YL_10,55,120.511,503275,5.8486,5.8482,3.180154,3.181733,32.2011,32.2193,32.20928192138672
YL_10,55,80.398,503276,4.6875,4.6875,3.045223,3.046856,31.7952,31.814,
YL_10,55,60.324,503277,4.6978,4.6985,3.037657,3.039418,31.708,31.7276,
YL_10,55,50.192,503278,4.6295,4.6293,3.024732,3.026386,31.629,31.6483,
YL_10,55,40.547,503279,4.6621,4.6618,3.022937,3.024555,31.5819,31.6009,
YL_10,55,29.932,503280,4.54,4.5398,3.006218,3.007862,31.5102,31.5295,
YL_10,55,20.061,503281,4.4656,4.4646,2.987497,2.989053,31.369,31.388,
YL_10,55,10.038,503282,4.8354,4.8228,2.971987,2.974107,30.8475,30.8835,31.06929588317871
YL_10,55,2.314,503283,5.8267,5.924,2.908141,2.909318,29.2422,29.1711,
PL_01,57,130.769,503285,7.3352,7.3356,3.380424,3.382059,32.9877,33.0051,32.951961517333984
PL_01,57,100.160,503286,6.1736,6.1758,3.214896,3.21675,32.29,32.3085,
PL_01,57,80.077,503287,5.5612,5.5608,3.136284,3.137841,32.0006,32.0186,
PL_01,57,60.383,503288,5.0339,5.0309,3.067794,3.069044,31.7335,31.7507,
PL_01,57,49.558,503289,4.9172,4.9186,3.051321,3.05314,31.6612,31.6807,
PL_01,57,39.787,503290,4.9108,4.911,3.04952,3.051235,31.6514,31.6709,
PL_01,57,30.130,503291,4.9061,4.9042,3.028672,3.030404,31.4215,31.4431,
PL_01,57,19.693,503292,5.1712,5.1715,3.038064,3.039742,31.2844,31.3033,
PL_01,57,10.079,503293,5.209,5.2114,3.034239,3.03521,31.2102,31.219,31.253507614135742
PL_01,57,2.085,503294,5.2151,5.2151,3.030825,3.032456,31.1696,31.1881,
PL_02,59,159.771,503296,7.3682,7.368,3.402968,3.404545,33.1866,33.2039,33.19051742553711
PL_02,59,100.787,503297,5.6001,5.6023,3.150684,3.152596,32.1161,32.1355,
PL_02,59,80.953,503298,4.9568,4.9579,3.069133,3.07094,31.8123,31.8319,
PL_02,59,60.897,503299,4.9438,4.9441,3.058517,3.060177,31.7128,31.7316,
PL_02,59,50.556,503300,5.0971,5.0967,3.069771,3.071366,31.7008,31.7194,
PL_02,59,40.683,503301,5.1361,5.1363,3.072698,3.074348,31.7021,31.7206,
PL_02,59,29.862,503302,5.2089,5.2087,3.07829,3.079913,31.702,31.7206,
PL_02,59,20.348,503303,5.2104,5.21,3.077428,3.079044,31.6954,31.7141,
PL_02,59,10.914,503304,5.4788,5.481,3.089952,3.091762,31.5886,31.607,31.611236572265625
PL_02,59,2.946,503305,5.5382,5.5448,3.094382,3.096496,31.5866,31.6042,
PL_03,61,168.732,503307,7.3135,7.3133,3.402255,3.403858,33.2271,33.2447,33.22450256347656
PL_03,61,150.550,503308,7.3285,7.3279,3.397153,3.398648,33.1661,33.1828,
PL_03,61,100.671,503309,6.0958,6.0914,3.219456,3.220696,32.4146,32.4327,
PL_03,61,80.733,503310,5.1424,5.1399,3.108369,3.109731,32.0835,32.1015,
PL_03,61,59.572,503311,4.794,4.794,3.05482,3.056471,31.8141,31.8331,
PL_03,61,49.525,503312,4.8104,4.8107,3.046035,3.047706,31.7023,31.7212,
PL_03,61,41.083,503313,4.8735,4.874,3.049266,3.050937,31.6833,31.7021,
PL_03,61,30.799,503314,4.9465,4.947,3.052363,3.054046,31.6545,31.6732,
PL_03,61,20.467,503315,5.0496,5.0498,3.058596,3.060253,31.633,31.6517,
PL_03,61,10.156,503316,5.7484,5.7593,3.115877,3.118381,31.6278,31.6456,31.642919540405273
PL_03,61,3.419,503317,5.8447,5.8449,3.123697,3.125328,31.6285,31.6465,
PL_04,63,198.086,503319,7.7838,7.7835,3.527301,3.528837,34.1083,34.1251,34.10573959350586
PL_04,63,150.453,503320,7.812,7.8115,3.498096,3.499517,33.7897,33.8055,
PL_04,63,100.594,503321,5.7645,5.7656,3.209922,3.211651,32.6261,32.6445,
PL_04,63,80.129,503322,4.5655,4.5656,3.048897,3.050552,31.9553,31.9744,
PL_04,63,60.690,503323,4.6847,4.6843,3.046,3.047641,31.8167,31.836,
PL_04,63,50.651,503324,4.7554,4.7568,3.050219,3.05197,31.8025,31.8214,
PL_04,63,39.508,503325,4.8367,4.8363,3.055869,3.057492,31.7952,31.8143,
PL_04,63,30.063,503326,4.9662,4.9661,3.064805,3.066446,31.7787,31.7976,
PL_04,63,20.155,503327,5.0704,5.0715,3.07216,3.073876,31.7684,31.787,
PL_04,63,10.529,503328,5.925,5.928,3.137329,3.139194,31.7023,31.7204,31.718992233276367
PL_04,63,3.300,503329,5.9113,5.9158,3.135935,3.137698,31.703,31.7186,
PL_05,65,173.733,503331,7.6694,7.6691,3.542331,3.543948,34.3943,34.4121,34.400115966796875
PL_05,65,100.456,503332,7.4473,7.4467,3.434618,3.436146,33.4816,33.4986,
PL_05,65,80.257,503333,5.6459,5.6467,3.183016,3.184739,32.4471,32.4658,
PL_05,65,60.620,503334,4.6833,4.6833,3.061539,3.063162,31.9976,32.0164,
PL_05,65,49.741,503335,4.5781,4.5782,3.039751,3.041419,31.8523,31.8716,
PL_05,65,40.003,503336,5.0343,5.0375,3.069485,3.071313,31.7625,31.7804,
PL_05,65,29.969,503337,5.2129,5.2123,3.083619,3.085199,31.7588,31.7774,
PL_05,65,19.675,503338,5.0721,5.0711,3.068395,3.069883,31.724,31.742,
PL_05,65,10.583,503339,5.3041,5.3309,3.088099,3.09211,31.7327,31.7529,31.74223518371582
PL_05,65,2.898,503340,5.3252,5.3256,3.089619,3.091267,31.7337,31.752,
PL_06,67,188.634,503342,7.4988,7.4997,3.497536,3.499202,34.0705,34.0876,34.06008529663086
PL_06,67,150.733,503343,7.2433,7.243,3.448775,3.450287,33.8092,33.8261,
PL_06,67,100.509,503344,6.3885,6.3885,3.312147,3.313675,33.1643,33.1813,
PL_06,67,80.155,503345,5.7772,5.7816,3.212055,3.214204,32.6479,32.6678,
PL_06,67,60.836,503346,4.8929,4.8934,3.090274,3.091977,32.1264,32.1455,
PL_06,67,50.060,503347,4.9018,4.9018,3.075199,3.076844,31.9498,31.9687,
PL_06,67,39.742,503348,4.9886,4.9884,3.07613,3.077748,31.8824,31.9011,
PL_06,67,30.690,503349,5.232,5.2323,3.095788,3.097459,31.8789,31.8977,
PL_06,67,20.197,503350,5.3172,5.3169,3.101206,3.102816,31.8646,31.8831,
PL_06,67,10.123,503351,5.7502,5.7316,3.132402,3.132852,31.8117,31.8343,31.85228157043457
PL_06,67,3.029,503352,5.6831,5.6792,3.12809,3.129461,31.83,31.8491,
PL_07,69,285.555,503354,7.6266,7.6263,3.578005,3.579492,34.7684,34.7848,34.77450180053711
PL_07,69,249.868,503355,7.6264,7.6262,3.575728,3.577241,34.7612,34.7778,34.769771575927734
PL_07,69,149.969,503356,8.9948,8.994,3.666741,3.668198,34.432,34.448,
PL_07,69,99.762,503357,6.3216,6.3236,3.316725,3.318603,33.2809,33.2998,
PL_07,69,80.271,503358,5.0751,5.0735,3.148834,3.15026,32.6121,32.63,
PL_07,69,59.126,503359,4.5351,4.5347,3.057768,3.059313,32.0981,32.1165,
PL_07,69,49.917,503360,4.493,4.4943,3.041019,3.042553,31.9491,31.9656,
PL_07,69,39.576,503361,4.5472,4.5473,3.044354,3.046031,31.9405,31.9599,
PL_07,69,30.200,503362,4.5452,4.5451,3.043411,3.045056,31.9362,31.9555,
PL_07,69,19.387,503363,4.6945,4.7022,3.053142,3.055326,31.9103,31.9281,
PL_07,69,9.976,503364,5.1258,5.1254,3.083669,3.085297,31.8521,31.8712,31.857812881469727
PL_07,69,2.146,503365,5.5713,5.5703,3.119527,3.1211,31.8396,31.8584,
PL_08,71,324.917,503367,7.8094,7.8075,3.599106,3.600432,34.7949,34.8111,34.8019905090332
PL_08,71,249.555,503368,8.4334,8.4332,3.656324,3.657834,34.8241,34.8403,34.83076095581055
PL_08,71,149.914,503369,8.4016,8.4039,3.625752,3.627535,34.5783,34.595,
PL_08,71,99.762,503370,7.7118,7.7114,3.502002,3.503575,33.9532,33.9705,
PL_08,71,79.583,503371,6.5091,6.5137,3.348905,3.351,33.4648,33.4835,
PL_08,71,59.657,503372,5.5425,5.5585,3.213981,3.218008,32.9082,32.9381,
PL_08,71,49.674,503373,4.9175,4.9188,3.125417,3.127313,32.5125,32.533,
PL_08,71,40.771,503374,4.5607,4.5628,3.072114,3.07412,32.2491,32.2703,
PL_08,71,30.263,503375,4.3887,4.3884,3.039279,3.04088,32.0398,32.0588,
PL_08,71,19.963,503376,4.7769,4.7753,3.062237,3.063797,31.9357,31.9552,
PL_08,71,9.454,503377,5.0709,5.0714,3.086505,3.088223,31.9373,31.9566,31.947059631347656
PL_08,71,2.736,503378,5.1313,5.1336,3.085261,3.086666,31.8687,31.8825,
PL_09,73,264.156,503380,7.7271,7.7273,3.586242,3.587783,34.7675,34.7839,34.7760124206543
PL_09,73,249.628,503381,7.7662,7.7661,3.588665,3.590186,34.7617,34.7782,34.769805908203125
PL_09,73,150.615,503382,7.9705,7.9701,3.564418,3.565924,34.3467,34.3633,
PL_09,73,99.556,503383,7.9846,7.9842,3.528364,3.529871,33.9711,33.9877,
PL_09,73,79.149,503384,7.6645,7.6593,3.482664,3.483498,33.8007,33.8147,
PL_09,73,59.906,503385,6.8241,6.8243,3.367231,3.368816,33.3694,33.3866,
PL_09,73,49.958,503386,6.6172,6.619,3.333724,3.335573,33.2058,33.2245,
PL_09,73,40.360,503387,6.4039,6.4048,3.299294,3.301028,33.0361,33.0545,
PL_09,73,29.914,503388,6.1325,6.1323,3.254915,3.256491,32.8097,32.8274,
PL_09,73,19.921,503389,5.6771,5.6783,3.18845,3.190215,32.508,32.5268,
PL_09,73,9.730,503390,5.6292,5.6293,3.181609,3.183226,32.482,32.5003,32.492401123046875
PL_09,73,2.267,503391,5.7828,5.7825,3.184915,3.186532,32.3751,32.3936,
HL_02,76,159.012,503394,7.4145,7.4162,3.480307,3.482078,33.9806,33.9982,33.982547760009766
HL_02,76,99.396,503395,4.0696,4.0724,3.082484,3.084549,32.8255,32.8471,
HL_02,76,80.249,503396,2.9401,2.944,2.956918,2.959018,32.4692,32.4907,
HL_02,76,60.772,503397,2.6232,2.6122,2.90434,2.904799,32.1583,32.175,
HL_02,76,50.234,503398,2.3041,2.3008,2.865642,2.867043,32.0098,32.0304,
HL_02,76,40.324,503399,2.4356,2.4376,2.87205,2.873711,31.962,31.9804,
HL_02,76,30.827,503400,2.4485,2.4475,2.863878,2.865455,31.8538,31.8742,
HL_02,76,20.276,503401,3.4214,3.4209,2.926171,2.92773,31.6528,31.6718,
HL_02,76,10.305,503402,3.6506,3.6555,2.91052,2.910622,31.2498,31.2463,31.173818588256836,31.17496681213379
HL_02,76,2.811,503403,3.5478,3.5477,2.87332,2.875002,30.9106,30.9307,
BBL_01,78,63.661,503405,3.4689,3.4725,2.940184,2.94221,31.7513,31.7719,31.713693618774414,31.716453552246094
BBL_01,78,50.671,503406,3.3738,3.3745,2.937407,2.901517,31.818,31.3884,
BBL_01,78,40.688,503407,3.4159,3.4166,2.935124,2.896777,31.7546,31.2962,
BBL_01,78,30.935,503408,3.4427,3.4459,2.935003,2.896367,31.7319,31.268,
BBL_01,78,20.730,503409,3.5821,3.5839,2.940177,2.900573,31.6628,31.1906,
BBL_01,78,11.036,503410,3.7595,3.7631,2.948421,2.910839,31.5933,31.1454,31.155372619628906
BBL_01,78,2.746,503411,4.0011,3.9989,2.963184,2.924798,31.5381,31.0894,
BBL_02,80,114.102,503413,3.9534,3.9891,3.001727,3.006134,31.9815,31.9985,31.990053176879883
BBL_02,80,80.001,503414,3.8074,3.8082,2.976008,2.977773,31.8378,31.8579,
BBL_02,80,60.497,503415,3.4314,3.4329,2.927268,2.929123,31.6355,31.6561,
BBL_02,80,50.680,503416,3.3551,3.3537,2.908654,2.910189,31.4925,31.5122,
BBL_02,80,40.780,503417,3.34,3.3393,2.901729,2.90338,31.4295,31.4499,
BBL_02,80,30.455,503418,3.4117,3.4118,2.900401,2.9021,31.3494,31.3695,
BBL_02,80,20.739,503419,3.8176,3.8167,2.923438,2.925067,31.2372,31.2573,
BBL_02,80,10.968,503420,4.1119,4.1103,2.946105,2.947674,31.2276,31.2475,31.245155334472656
BBL_02,80,2.997,503421,4.4944,4.4916,2.976358,2.977798,31.2209,31.2403,
BBL_03,82,103.466,503423,4.3312,4.3308,3.060649,3.062271,32.3083,32.3276,32.31657028198242
BBL_03,82,79.891,503424,3.7796,3.7785,2.977061,2.978504,31.8774,31.8956,
BBL_03,82,60.315,503425,3.5095,3.509,2.923131,2.924801,31.5103,31.5306,
BBL_03,82,50.470,503426,3.6048,3.6048,2.93117,2.932862,31.5186,31.5386,
BBL_03,82,40.245,503427,3.6913,3.6915,2.937161,2.938832,31.5111,31.5307,
BBL_03,82,30.586,503428,3.7302,3.7302,2.933339,2.935017,31.4331,31.453,
BBL_03,82,21.012,503429,4.1312,4.133,2.959463,2.961281,31.3605,31.38,
BBL_03,82,10.839,503430,4.6067,4.6041,2.997199,2.998562,31.3519,31.3702,31.36870002746582
BBL_03,82,2.215,503431,5.3011,5.3079,3.05111,3.053212,31.3196,31.337,
BBL_04,84,96.967,503433,3.996,3.9958,3.023514,3.025168,32.205,32.2248,32.21632766723633
BBL_04,84,79.700,503434,3.9908,3.9905,3.022319,3.02392,32.2049,32.2241,
BBL_04,84,59.798,503435,3.9578,3.9578,3.018017,3.01966,32.1969,32.2162,
BBL_04,84,49.936,503436,3.9312,3.9301,3.014496,3.016008,32.1866,32.2055,
BBL_04,84,39.852,503437,3.8611,3.8638,3.005653,3.007565,32.1562,32.1761,
BBL_04,84,30.240,503438,3.7129,3.7132,2.987585,2.989299,32.093,32.113,
BBL_04,84,20.015,503439,3.6321,3.6318,2.964521,2.966089,31.9037,31.9226,
BBL_04,84,10.217,503440,4.0552,4.0801,2.968095,2.970891,31.54,31.5488,31.658523559570312
BBL_04,84,2.109,503441,4.5189,4.52,2.99283,2.994557,31.389,31.408,
BBL_05,86,196.204,503443,9.4029,9.4024,3.752569,3.754023,34.9079,34.9234,34.91609191894531
BBL_05,86,149.924,503444,9.0933,9.0936,3.688286,3.689904,34.5617,34.5783,
BBL_05,86,99.767,503445,7.6491,7.648,3.489552,3.490972,33.8801,33.8964,
BBL_05,86,80.114,503446,7.2734,7.2766,3.439139,3.441165,33.7091,33.728,
BBL_05,86,59.215,503447,6.2138,6.176,3.291777,3.288465,33.1279,33.1278,
BBL_05,86,50.258,503448,3.7544,3.755,3.02136,3.023091,32.4425,32.4625,
BBL_05,86,39.169,503449,3.1744,3.1487,2.941998,2.941034,32.076,32.0898,
BBL_05,86,30.327,503450,3.6977,3.6975,2.908321,2.909786,31.1685,31.186,
BBL_05,86,19.825,503451,3.8664,3.8628,2.918571,2.919991,31.1337,31.1538,
BBL_05,86,9.946,503452,4.5957,4.5969,2.974002,2.975757,31.0948,31.1139,31.10914421081543
BBL_05,86,2.252,503453,4.767,4.7666,2.986964,2.988588,31.0871,31.1062,
BBL_06,88,1208.049,503455,4.1901,4.1903,3.320759,3.322321,34.9372,34.9552,34.94632339477539
BBL_06,88,990.564,503456,4.482,4.4798,3.337964,3.3393,34.941,34.9588,
BBL_06,88,755.677,503457,4.8783,4.8785,3.36254,3.364097,34.9304,34.9482,
BBL_06,88,507.079,503458,5.7641,5.7637,3.428604,3.430096,34.8936,34.9109,
BBL_06,88,250.275,503459,9.191,9.1914,3.75339,3.754922,35.0986,35.1141,35.104461669921875
BBL_06,88,151.508,503460,10.5058,10.5088,3.873437,3.875496,35.0973,35.1153,
BBL_06,88,100.163,503461,9.5538,9.5524,3.717074,3.718444,34.4392,34.4547,
BBL_06,88,79.979,503462,9.2442,9.2446,3.672572,3.67418,34.2849,34.3013,
BBL_06,88,60.298,503463,7.7451,7.7457,3.498357,3.499865,33.9005,33.9162,
BBL_06,88,49.696,503464,7.2676,7.266,3.442866,3.444299,33.7701,33.7873,
BBL_06,88,40.082,503465,7.0671,7.069,3.420499,3.422193,33.7266,33.7433,
BBL_06,88,30.067,503466,6.6338,6.6107,3.367353,3.365643,33.5713,33.575,
BBL_06,89,19.680,503467,6.238,6.2368,3.239079,3.240853,32.5365,32.5574,
BBL_06,89,10.046,503468,5.9182,5.9034,3.184021,3.183469,32.2318,32.2396,32.42555236816406
BBL_06,89,1.846,503469,5.9847,5.9878,3.194037,3.196191,32.2845,32.3056,
BBL_07,91,1499.382,503471,3.8254,3.8253,3.299925,3.301439,34.9315,34.9494,34.93975830078125
BBL_07,91,1002.433,503472,4.5891,4.5886,3.352338,3.353812,34.9901,35.0076,
BBL_07,91,752.306,503473,5.0163,5.0163,3.37993,3.381469,34.9889,35.0066,
BBL_07,91,508.040,503474,5.5177,5.5177,3.411765,3.413298,34.9563,34.9738,
BBL_07,91,252.076,503475,8.7595,8.7591,3.704902,3.706403,35.0146,35.0307,35.02268981933594
BBL_07,91,153.090,503476,9.8334,9.8331,3.806494,3.808027,35.0653,35.0813,
BBL_07,91,99.861,503477,9.9845,9.9896,3.796771,3.798856,34.8438,34.8603,
BBL_07,91,82.576,503478,10.0798,10.0815,3.800302,3.80206,34.7961,34.8123,
BBL_07,91,60.131,503479,8.8675,8.8701,3.626363,3.628299,34.1741,34.192,
BBL_07,91,50.076,503480,8.4917,8.4917,3.57944,3.580991,34.0471,34.0635,
BBL_07,91,39.799,503481,8.298,8.2989,3.549313,3.550979,33.9196,33.9364,
BBL_07,91,30.402,503482,8.0239,8.025,3.512619,3.514296,33.7975,33.8144,
BBL_07,92,19.810,503483,5.8846,5.8858,3.209097,3.210881,32.5405,32.5594,
BBL_07,92,9.843,503484,6.2564,6.2455,3.229473,3.230184,32.4169,32.4351,32.42228317260742
BBL_07,92,2.554,503485,6.2154,6.2154,3.225233,3.226823,32.4123,32.43,
NEC_10,94,87.184,503487,5.8483,5.8454,3.210388,3.211668,32.5571,32.5742,32.56121063232422
NEC_10,94,75.162,503488,5.7951,5.7985,3.203242,3.20527,32.5338,32.5534,
NEC_10,94,60.081,503489,5.5218,5.5224,3.168912,3.170625,32.4172,32.436,
NEC_10,94,49.957,503490,5.3114,5.3142,3.135575,3.137427,32.2465,32.2648,
NEC_10,94,40.344,503491,4.986,4.9831,3.090161,3.091442,32.0454,32.0629,
NEC_10,94,30.436,503492,4.9574,4.9589,3.072106,3.073882,31.8707,31.8896,
NEC_10,94,20.724,503493,5.2314,5.2321,3.085963,3.087661,31.7724,31.7911,
NEC_10,94,10.778,503494,5.6406,5.6423,3.11805,3.119841,31.7533,31.7719,31.772750854492188,31.773550033569336
NEC_10,94,2.355,503495,6.2752,6.2732,3.172782,3.174214,31.7732,31.7909,
NEC_09,95,91.107,503496,6.302,6.3015,3.279559,3.281142,32.8906,32.9087,32.890567779541016
NEC_09,95,74.723,503497,6.2526,6.2544,3.268722,3.270763,32.8257,32.8467,
NEC_09,95,59.885,503498,5.0342,5.0208,3.110848,3.111113,32.2265,32.2425,
NEC_09,95,50.045,503499,4.7926,4.7927,3.075651,3.077346,32.0602,32.0797,
NEC_09,95,40.647,503500,4.8875,4.8878,3.070741,3.072411,31.917,31.9359,
NEC_09,95,30.138,503501,5.1967,5.1962,3.090167,3.091762,31.8488,31.8675,
NEC_09,95,20.773,503502,6.0658,6.0672,3.1596,3.161409,31.814,31.8329,
NEC_09,95,10.350,503503,6.3047,6.3011,3.175965,3.177364,31.7771,31.796,31.788818359375
NEC_09,95,2.232,503504,6.3063,6.3077,3.175569,3.177327,31.7752,31.7933,
NEC_08,97,197.597,503506,7.6837,7.6844,3.579049,3.580612,34.7654,34.7816,34.7668571472168
NEC_08,97,173.123,503507,7.9153,7.9142,3.596625,3.598093,34.7362,34.753,
NEC_08,97,150.319,503508,8.0786,8.0785,3.601676,3.603191,34.6395,34.6559,
NEC_08,97,125.618,503509,7.8814,7.8593,3.542593,3.541194,34.2119,34.2185,
NEC_08,97,100.529,503510,6.9883,6.9885,3.408919,3.410521,33.6474,33.6647,
NEC_08,97,75.294,503511,5.7662,5.7663,3.244874,3.246453,33.0309,33.0487,
NEC_08,97,60.003,503512,5.5619,5.5634,3.196516,3.198177,32.6911,32.7085,
NEC_08,97,50.718,503513,5.1775,5.1787,3.134859,3.13658,32.3672,32.3857,
NEC_08,97,40.320,503514,4.711,4.7113,3.070476,3.07213,32.0842,32.103,
NEC_08,97,30.110,503515,5.0106,5.0115,3.079895,3.081611,31.9092,31.928,
NEC_08,97,20.108,503516,5.4904,5.4964,3.116771,3.118892,31.8765,31.8948,
NEC_08,97,10.188,503517,6.4429,6.4431,3.186236,3.187886,31.7619,31.7799,31.820144653320312
NEC_08,98,2.390,503518,6.558,6.5602,3.194329,3.19622,31.7477,31.7665,
NEC_07,99,221.709,503519,7.4213,7.4209,3.566048,3.56757,34.8753,34.8923,34.8813591003418
NEC_07,99,176.097,503520,8.0617,8.0635,3.625523,3.627202,34.8993,34.9155,
NEC_07,99,149.399,503521,9.9522,9.9509,3.800993,3.802468,34.8954,34.9118,
NEC_07,99,125.597,503522,9.9818,9.9824,3.783202,3.784834,34.6958,34.7119,
NEC_07,99,101.020,503523,8.5769,8.5774,3.593906,3.595533,34.0937,34.1105,
NEC_07,99,75.161,503524,7.5065,7.5059,3.457381,3.45888,33.6828,33.6996,
NEC_07,99,60.510,503525,6.3657,6.3657,3.314741,3.316309,33.235,33.2524,
NEC_07,99,50.787,503526,5.1354,5.1502,3.154988,3.158321,32.6384,32.6622,
NEC_07,99,40.635,503527,4.396,4.3962,3.043588,3.045302,32.0777,32.0975,
NEC_07,99,30.835,503528,4.369,4.3693,3.032454,3.034126,31.9791,31.9983,
NEC_07,99,20.424,503529,4.9311,4.9359,3.059367,3.061483,31.7546,31.7743,
NEC_07,99,10.631,503530,5.4295,5.4181,3.081815,3.082382,31.543,31.5601,31.51454734802246
NEC_07,100,1.938,503531,5.472,5.4679,3.051505,3.05295,31.1649,31.185,
NEC_06,102,221.655,503533,7.9504,7.9499,3.6187,3.620215,34.915,34.9317,34.922607421875
NEC_06,102,177.974,503534,9.9355,9.9354,3.808998,3.810529,34.9803,34.9962,
NEC_06,102,151.104,503535,9.6495,9.6519,3.736541,3.738443,34.5245,34.5418,
NEC_06,102,125.358,503536,7.7351,7.7282,3.48781,3.488588,33.7655,33.7806,
NEC_06,102,100.622,503537,6.0641,6.0687,3.289587,3.291628,33.2294,33.2476,
NEC_06,102,75.413,503538,4.1456,4.1453,3.054479,3.056109,32.4329,32.4523,
NEC_06,102,60.511,503539,3.4814,3.4818,2.957877,2.959666,31.9518,31.9727,
NEC_06,102,50.790,503540,3.2779,3.2762,2.919915,2.921222,31.7025,31.7198,
NEC_06,102,41.036,503541,3.3199,3.3199,2.913453,2.91514,31.5891,31.6093,
NEC_06,102,30.333,503542,3.6962,3.6952,2.93784,2.939483,31.5194,31.5398,
NEC_06,102,20.934,503543,4.0834,4.0831,2.960601,2.962321,31.4196,31.4401,
NEC_06,102,9.685,503544,4.3746,4.3724,2.97982,2.981345,31.3715,31.3913,31.384183883666992
NEC_06,103,2.147,503545,5.0877,5.0886,3.037119,3.04292,31.3605,31.4259,
NEC_05,104,227.303,503546,8.0876,8.0872,3.632721,3.634218,34.9259,34.9424,34.934417724609375
NEC_05,104,176.831,503547,9.8263,9.8273,3.773729,3.775446,34.7249,34.7415,
NEC_05,104,152.937,503548,9.1038,9.1012,3.674855,3.676075,34.41,34.4252,
NEC_05,104,125.391,503549,7.5423,7.5425,3.479935,3.48155,33.8679,33.8852,
NEC_05,104,101.266,503550,6.0212,6.0168,3.29026,3.291433,33.2787,33.2961,
NEC_05,104,74.679,503551,4.019,4.0161,3.031118,3.032309,32.2834,32.3003,
NEC_05,104,60.571,503552,3.7441,3.7446,2.996156,2.997877,32.1483,32.1683,
NEC_05,104,50.040,503553,3.6737,3.6736,2.970173,2.971766,31.9147,31.9337,
NEC_05,104,39.788,503554,3.6423,3.6425,2.952649,2.954323,31.7425,31.7623,
NEC_05,104,30.511,503555,3.6419,3.6416,2.944172,2.945989,31.6471,31.6689,
NEC_05,104,20.298,503556,3.6754,3.6938,2.937995,2.940753,31.5465,31.5614,
NEC_05,104,9.799,503557,4.2242,4.2062,2.976666,2.976996,31.4783,31.4994,31.48980712890625
NEC_05,105,2.400,503558,4.4654,4.4707,2.99755,2.999717,31.4945,31.5146,
NEC_04,107,223.225,503560,8.2731,8.2729,3.648206,3.649752,34.9089,34.9256,34.91538619995117
NEC_04,107,175.580,503561,9.4007,9.4013,3.744656,3.746303,34.8375,34.8541,
NEC_04,107,150.442,503562,9.6553,9.6552,3.756669,3.758274,34.7266,34.7432,
NEC_04,107,125.067,503563,9.132,9.1348,3.675105,3.676829,34.3984,34.4136,
NEC_04,107,100.068,503564,6.6271,6.6265,3.365165,3.366749,33.5193,33.5373,
NEC_04,107,75.658,503565,4.9204,4.9195,3.149296,3.150867,32.7715,32.7905,
NEC_04,107,60.030,503566,4.3414,4.3607,3.072972,3.077106,32.4642,32.4935,
NEC_04,107,50.710,503567,3.8642,3.8656,3.006936,3.00889,32.1628,32.1845,
NEC_04,107,40.255,503568,3.7623,3.7625,2.983656,2.985422,31.9927,32.0135,
NEC_04,107,29.936,503569,3.6687,3.6702,2.96456,2.96649,31.8633,31.8847,
NEC_04,107,19.806,503570,3.7084,3.7093,2.951211,2.952951,31.6713,31.6911,
NEC_04,107,9.685,503571,3.9251,3.9326,2.956854,2.958969,31.5334,31.5511,31.58733558654785
NEC_04,108,2.489,503572,4.3075,4.3053,2.983419,2.985059,31.481,31.5022,
NEC_03,109,206.596,503573,8.827,8.825,3.695398,3.696806,34.8695,34.8863,34.87559509277344
NEC_03,109,174.524,503574,9.0862,9.0874,3.714774,3.71644,34.8337,34.8499,
NEC_03,109,148.451,503575,8.6835,8.6831,3.642824,3.644403,34.484,34.501,
NEC_03,109,124.939,503576,8.0349,8.0401,3.557394,3.559528,34.2207,34.2385,
NEC_03,109,100.152,503577,7.093,7.0937,3.429837,3.431517,33.7741,33.7919,
NEC_03,109,75.047,503578,5.7122,5.7108,3.244632,3.246116,33.0813,33.0994,
NEC_03,109,59.707,503579,4.2493,4.2493,3.053382,3.0551,32.3259,32.346,
NEC_03,109,49.823,503580,3.7377,3.7376,2.978058,2.979758,31.9456,31.9658,
NEC_03,109,40.056,503581,3.7114,3.7115,2.969885,2.971551,31.8794,31.8992,
NEC_03,109,29.491,503582,3.6916,3.6913,2.957012,2.958727,31.7516,31.7722,
NEC_03,109,19.285,503583,4.0317,4.0321,2.958726,2.960483,31.448,31.4683,
NEC_03,109,10.408,503584,4.1402,4.1413,2.966063,2.967881,31.4344,31.4547,31.44784164428711
NEC_02,112,201.186,503587,8.6729,8.6726,3.682925,3.684501,34.8923,34.9093,34.901241302490234
NEC_02,112,174.520,503588,8.714,8.7136,3.681395,3.682979,34.8484,34.8655,
NEC_02,112,148.786,503589,7.4066,7.4035,3.476846,3.478083,33.9558,33.9722,
NEC_02,112,125.859,503590,6.5871,6.6277,3.361705,3.36841,33.5075,33.5419,
NEC_02,112,100.435,503591,4.2796,4.2823,3.062684,3.064645,32.3842,32.4045,
NEC_02,112,75.196,503592,3.9095,3.9092,3.004233,3.005863,32.0738,32.0933,
NEC_02,112,60.426,503593,3.7546,3.7544,2.977626,2.979333,31.9185,31.9389,
NEC_02,112,49.796,503594,3.685,3.6844,2.957898,2.959565,31.7581,31.7785,
NEC_02,112,39.930,503595,3.594,3.5939,2.931255,2.933005,31.5354,31.5563,
NEC_02,112,30.350,503596,3.5765,3.5764,2.926802,2.928528,31.5043,31.5249,
NEC_02,112,20.441,503597,4.0241,4.0239,2.947755,2.949514,31.3259,31.3467,
NEC_02,112,10.722,503598,4.6479,4.6482,2.993607,2.995373,31.2715,31.2916,31.287363052368164
NEC_02,113,3.103,503599,4.5247,4.5236,2.980333,2.982089,31.2383,31.2596,
NEC_01,115,93.502,503601,4.3473,4.3471,3.064121,3.065803,32.338,32.3579,32.34786605834961
NEC_01,115,75.182,503602,4.3187,4.3183,3.059934,3.061567,32.3265,32.346,
NEC_01,115,60.275,503603,4.284,4.2801,3.054803,3.055956,32.3081,32.3255,
NEC_01,115,50.000,503604,4.2062,4.2042,3.043831,3.045312,32.2613,32.2806,
NEC_01,115,40.371,503605,4.0568,4.0607,3.020717,3.023052,32.1414,32.1651,
NEC_01,115,29.927,503606,3.8802,3.8808,2.989697,2.991253,31.9541,31.9718,
NEC_01,115,19.727,503607,3.7764,3.7767,2.967371,2.969134,31.7966,31.8172,
NEC_01,115,9.922,503608,4.3169,4.3207,2.978227,2.98019,31.4078,31.4271,31.50538444519043
NEC_01,115,3.520,503609,4.3132,4.3134,2.975906,2.977604,31.3875,31.4071,
GUL_01,117,684.613,503611,4.2575,4.2574,3.293887,3.295413,34.8169,34.835,34.828224182128906
GUL_01,117,499.073,503612,4.2993,4.2987,3.281006,3.282584,34.7181,34.7373,
GUL_01,117,252.161,503613,4.4808,4.4811,3.2432,3.24482,34.2149,34.2335,34.2226448059082
GUL_01,117,100.052,503614,2.7072,2.7066,2.975216,2.976826,32.9185,32.9388,
GUL_01,117,78.531,503615,2.2517,2.2517,2.904865,2.906535,32.5319,32.5526,
GUL_01,117,60.142,503616,2.2161,2.2162,2.882138,2.883833,32.2971,32.318,
GUL_01,117,48.900,503617,2.2511,2.2515,2.880759,2.882518,32.2506,32.2719,
GUL_01,117,39.804,503618,2.4794,2.477,2.894675,2.896253,32.1959,32.2177,
GUL_01,117,29.743,503619,2.9062,2.9025,2.926027,2.927474,32.1552,32.1765,
GUL_01,117,19.618,503620,3.1835,3.195,2.943465,2.946056,32.0948,32.1146,
GUL_01,117,10.330,503621,3.4049,3.4004,2.961019,2.962346,32.0909,32.1112,32.10334777832031,32.10294723510742
GUL_01,117,2.150,503622,3.4664,3.4705,2.965795,2.967831,32.0914,32.1117,
GULD_03,119,455.299,503624,4.5112,4.5117,3.292404,3.293995,34.6528,34.6708,34.66249465942383,34.66254425048828
GULD_03,119,250.008,503625,4.4021,4.4025,3.234488,3.236135,34.1954,34.2143,34.20832443237305,34.20933151245117
GULD_03,119,101.039,503626,2.3562,2.3365,2.941149,2.94094,32.8606,32.8784,
GULD_03,119,81.434,503627,2.2464,2.2466,2.911857,2.913592,32.6222,32.6435,
GULD_03,119,61.815,503628,2.3479,2.3476,2.902945,2.90467,32.4191,32.4407,
GULD_03,119,51.816,503629,2.4198,2.4198,2.903502,2.905187,32.3583,32.379,
GULD_03,119,41.825,503630,2.7136,2.7146,2.92193,2.923723,32.2924,32.3132,
GULD_03,119,32.062,503631,2.9288,2.9318,2.937703,2.939648,32.273,32.2936,
GULD_03,119,21.976,503632,3.1171,3.1176,2.948,2.949784,32.2144,32.2355,
GULD_03,119,11.818,503633,3.2673,3.2582,2.957876,2.958753,32.1889,32.2086,32.20012283325195
GULD_03,119,2.634,503634,3.3045,3.2892,2.960303,2.960594,32.1859,32.2046,
GUL_02,121,1075.646,503636,4.1864,4.1858,3.311113,3.312614,34.8943,34.9126,34.90568542480469
GUL_02,121,754.483,503637,4.2882,4.2881,3.30073,3.302289,34.829,34.8473,
GUL_02,121,501.348,503638,4.4706,4.4708,3.295094,3.296706,34.7027,34.7213,
GUL_02,121,251.785,503639,4.9581,4.9795,3.289818,3.293363,34.2653,34.2843,34.2816162109375
GUL_02,121,101.222,503640,2.1944,2.1952,2.930919,2.932669,32.9011,32.922,
GUL_02,121,80.545,503641,2.1852,2.1893,2.907815,2.909831,32.6355,32.6563,
GUL_02,121,59.444,503642,2.348,2.3478,2.901545,2.903296,32.4031,32.4248,
GUL_02,121,49.995,503643,2.7452,2.7414,2.923277,2.924726,32.2726,32.2941,
GUL_02,121,39.814,503644,3.0695,3.0689,2.946937,2.948607,32.2397,32.2606,
GUL_02,121,30.070,503645,3.1877,3.1876,2.951833,2.953525,32.1859,32.2064,
GUL_02,121,19.496,503646,3.1907,3.1898,2.951354,2.95298,32.1827,32.2032,
GUL_02,121,9.833,503647,3.656,3.6544,2.987884,2.989439,32.1633,32.1833,32.17593765258789
GUL_02,122,2.841,503648,3.4989,3.4988,2.970274,2.972077,32.1124,32.134,
GUL_03,124,1501.348,503650,4.0009,4.0004,3.314594,3.316109,34.9186,34.9369,34.92866897583008
GUL_03,124,751.451,503651,4.5187,4.5178,3.326012,3.327504,34.8845,34.9028,
GUL_03,124,500.370,503652,4.5121,4.512,3.301459,3.303048,34.7342,34.7529,
GUL_03,124,250.426,503653,5.2316,5.2316,3.3192,3.320812,34.3239,34.3424,34.330440521240234
GUL_03,124,99.744,503654,1.0453,1.0453,2.807464,2.809202,32.5427,32.5648,
GUL_03,124,79.836,503655,1.1692,1.1647,2.807805,2.809218,32.4291,32.4518,
GUL_03,124,60.295,503656,2.1636,2.1639,2.879582,2.881352,32.3189,32.3404,
GUL_03,124,50.673,503657,2.3533,2.354,2.892894,2.894694,32.2958,32.3172,
GUL_03,124,40.197,503658,2.3916,2.3915,2.89542,2.897145,32.2937,32.3151,
GUL_03,124,29.905,503659,2.5461,2.5466,2.904779,2.906546,32.2579,32.279,
GUL_03,124,19.818,503660,2.7001,2.6997,2.913176,2.914888,32.2108,32.2321,
GUL_03,124,9.820,503661,2.9444,2.9441,2.931913,2.933604,32.199,32.2198,32.21012878417969
GUL_03,125,2.848,503662,2.9514,2.9495,2.932159,2.933825,32.1986,32.2207,
GUL_04,127,1499.635,503664,4.025,4.0246,3.316921,3.318455,34.9215,34.9399,34.93132019042969
GUL_04,127,753.717,503665,4.5489,4.5487,3.330517,3.33208,34.9042,34.9226,
GUL_04,127,500.835,503666,4.7381,4.7382,3.328717,3.330315,34.8153,34.8338,
GUL_04,127,249.383,503667,4.8193,4.8186,3.279828,3.281401,34.2937,34.3126,34.30661392211914
GUL_04,127,99.478,503668,2.1238,2.1236,2.934407,2.936119,33.0187,33.0401,
GUL_04,127,79.711,503669,1.9858,1.9855,2.912271,2.913973,32.8974,32.9189,
GUL_04,127,60.751,503670,0.9224,0.9223,2.795374,2.797125,32.5383,32.5609,
GUL_04,127,49.795,503671,1.7114,1.7109,2.851812,2.853555,32.4413,32.4637,
GUL_04,127,39.971,503672,2.0368,2.0355,2.867072,2.868723,32.3038,32.3257,
GUL_04,127,29.999,503673,2.4299,2.43,2.896659,2.898399,32.2756,32.2969,
GUL_04,127,20.256,503674,2.7021,2.704,2.914665,2.916562,32.2268,32.248,
GUL_04,127,10.237,503675,2.933,2.933,2.929202,2.930917,32.1773,32.1981,32.1915283203125
GUL_04,128,2.569,503676,2.9559,2.9555,2.933819,2.935548,32.2144,32.2358,
LCM_01,130,30.334,503678,2.6559,2.6725,2.900251,2.90139,32.0917,32.0891,32.02900695800781
LCM_01,130,20.087,503679,3.1534,3.1527,2.918298,2.91997,31.8214,31.8422,
LCM_01,130,10.388,503680,3.3575,3.3535,2.934339,2.935774,31.8181,31.8393,31.82562255859375,31.83186912536621
LCM_01,130,2.322,503681,3.3488,3.3489,2.933347,2.935045,31.819,31.8393,
LCM_02,132,50.686,503683,2.2499,2.2496,2.888896,2.890674,32.3515,32.3737,32.35239028930664,32.35359573364258
LCM_02,132,39.917,503684,2.2305,2.2305,2.864466,2.866205,32.075,32.0965,
LCM_02,132,30.448,503685,2.6314,2.6326,2.893453,2.895242,32.0333,32.0539,
LCM_02,132,20.445,503686,2.7444,2.7433,2.901189,2.902789,32.0199,32.0405,
LCM_02,132,10.537,503687,3.0575,3.0587,2.92559,2.92741,32.0093,32.0301,32.02110290527344
LCM_02,132,1.977,503688,3.082,3.0812,2.927105,2.928726,32.0077,32.0281,
LCM_03,134,72.471,503690,0.798,0.7977,2.780688,2.782468,32.4732,32.4964,32.48712158203125
LCM_03,134,60.079,503691,1.1115,1.1076,2.795371,2.796946,32.3416,32.3657,
LCM_03,134,50.031,503692,2.1517,2.1554,2.869079,2.871018,32.2064,32.2266,
LCM_03,134,40.211,503693,2.2901,2.2896,2.86938,2.871066,32.0754,32.0967,
LCM_03,134,31.068,503694,2.4482,2.4492,2.876958,2.878738,32.0145,32.0354,
LCM_03,134,20.382,503695,2.6002,2.6005,2.886974,2.888718,31.9906,32.0116,
LCM_03,134,10.535,503696,3.0136,3.0132,2.920201,2.921877,31.9878,32.0084,32.001407623291016
LCM_03,134,3.250,503697,3.0145,3.0141,2.919999,2.921681,31.9882,32.0089,
LCM_04,136,399.695,503699,5.8425,5.842,3.431509,3.433031,34.8999,34.9176,34.90921401977539
LCM_04,136,201.105,503700,4.9343,4.9308,3.248026,3.249213,33.8328,33.8501,
LCM_04,136,101.469,503701,1.2322,1.2327,2.834479,2.836175,32.6909,32.712,
LCM_04,136,80.724,503702,1.1263,1.1266,2.806508,2.808272,32.4567,32.4789,
LCM_04,136,60.665,503703,1.438,1.438,2.817676,2.819428,32.287,32.3091,
LCM_04,136,49.708,503704,2.1443,2.156,2.865994,2.868506,32.1758,32.1951,
LCM_04,136,40.650,503705,2.3376,2.3356,2.87777,2.879378,32.1307,32.1525,
LCM_04,136,31.063,503706,2.4333,2.434,2.880869,2.882612,32.0775,32.0983,
LCM_04,136,20.147,503707,2.6806,2.6804,2.896322,2.898028,32.0245,32.0455,
LCM_04,136,10.315,503708,2.906,2.906,2.911337,2.913072,31.9875,32.0085,32.00253677368164
LCM_04,136,2.632,503709,2.9109,2.9108,2.911346,2.913057,31.9868,32.0076,
LCM_05,138,422.380,503711,4.8811,4.8807,3.334294,3.335856,34.7714,34.79,34.781272888183594
LCM_05,138,202.642,503712,5.3084,5.3092,3.29687,3.298664,34.014,34.0338,
LCM_05,138,100.326,503713,0.7859,0.7883,2.7943,2.796262,32.6454,32.6682,
LCM_05,138,79.856,503714,0.6714,0.6724,2.773489,2.775329,32.5089,32.5317,
LCM_05,138,59.846,503715,1.019,1.0121,2.792612,2.793891,32.4026,32.4261,
LCM_05,138,49.732,503716,1.3055,1.3047,2.806732,2.808487,32.2911,32.3142,
LCM_05,138,39.140,503717,1.8067,1.8059,2.842476,2.844194,32.2324,32.2547,
LCM_05,138,29.711,503718,2.1369,2.1386,2.863463,2.865344,32.1628,32.1844,
LCM_05,138,19.861,503719,2.3918,2.3931,2.882397,2.884205,32.1441,32.1651,
LCM_05,138,9.723,503720,2.6437,2.6436,2.902506,2.904218,32.1425,32.1636,32.15785217285156
LCM_05,138,2.132,503721,2.6441,2.6451,2.902199,2.904013,32.1424,32.1637,
LCM_06,140,415.927,503723,5.0662,5.0665,3.350988,3.352614,34.7751,34.7936,34.78662872314453
LCM_06,140,199.562,503724,5.4586,5.4584,3.336274,3.337854,34.3133,34.3315,
LCM_06,140,103.159,503725,1.3809,1.3813,2.859843,2.861561,32.8564,32.8778,
LCM_06,140,78.816,503726,0.5651,0.5641,2.762727,2.764413,32.482,32.5049,
LCM_06,140,60.040,503727,1.4714,1.4727,2.823485,2.825369,32.3263,32.3488,
LCM_06,140,50.383,503728,2.0617,2.0627,2.864914,2.866747,32.2459,32.2677,
LCM_06,140,39.611,503729,2.506,2.5057,2.89834,2.900054,32.2142,32.2356,
LCM_06,140,29.386,503730,2.5631,2.5634,2.901634,2.903401,32.2025,32.2239,
LCM_06,140,20.319,503731,2.7189,2.7201,2.912852,2.914644,32.1877,32.2084,
LCM_06,140,9.928,503732,2.895,2.8945,2.923241,2.924935,32.1431,32.1642,32.160770416259766
LCM_06,140,2.664,503733,2.8936,2.8935,2.922875,2.92459,32.1439,32.1649,
LCM_07,142,405.451,503735,4.686,4.6855,3.320317,3.321889,34.8217,34.8404,34.832542419433594
LCM_07,142,252.218,503736,5.8557,5.8561,3.392057,3.393721,34.515,34.5334,34.502986907958984
LCM_07,142,99.964,503737,1.3857,1.3842,2.864626,2.866284,32.9138,32.9364,
LCM_07,142,80.425,503738,0.5694,0.5695,2.773639,2.775372,32.618,32.6404,
LCM_07,142,59.977,503739,0.8131,0.8134,2.78065,2.782433,32.464,32.4866,
LCM_07,142,50.261,503740,1.5591,1.5615,2.820216,2.82211,32.2004,32.2218,
LCM_07,142,39.842,503741,1.8181,1.8182,2.839182,2.840961,32.1793,32.2014,
LCM_07,142,29.889,503742,2.0334,2.0349,2.856263,2.858123,32.1784,32.2,
LCM_07,142,19.520,503743,2.2697,2.266,2.875558,2.876933,32.1835,32.2042,
LCM_07,142,10.812,503744,2.27,2.2694,2.875244,2.876929,32.1839,32.2054,32.19841766357422
LCM_07,142,3.419,503745,2.2752,2.2737,2.8754,2.877002,32.1846,32.2059,
LCM_08,144,386.555,503747,4.8282,4.8283,3.330793,3.33241,34.8046,34.8233,34.81492233276367
LCM_08,144,252.243,503748,6.7087,6.7083,3.48646,3.488035,34.7048,34.7227,
LCM_08,144,99.625,503749,2.8123,2.8139,2.990989,2.992852,33.0034,33.0244,
LCM_08,144,80.395,503750,0.9087,0.9085,2.790988,2.792753,32.4852,32.5082,
LCM_08,144,59.987,503751,2.1707,2.1701,2.874305,2.876054,32.2464,32.2686,
LCM_08,144,49.656,503752,2.4576,2.4581,2.895739,2.897535,32.2258,32.2473,
LCM_08,144,40.104,503753,2.5635,2.565,2.903461,2.905306,32.2187,32.2399,
LCM_08,144,30.994,503754,2.6738,2.6746,2.911207,2.912999,32.2073,32.2283,
LCM_08,144,20.145,503755,2.7056,2.7033,2.913111,2.914709,32.2044,32.2261,
LCM_08,144,9.682,503756,2.7627,2.7628,2.917196,2.91894,32.2023,32.2235,32.215972900390625
LCM_08,144,2.288,503757,2.7618,2.762,2.916782,2.918519,32.2022,32.2231,
LCM_09,146,229.393,503759,5.4739,5.4736,3.356183,3.35778,34.5097,34.5282,34.52263259887695
LCM_09,146,100.076,503760,0.3139,0.3143,2.734261,2.73606,32.364,32.387,
LCM_09,146,80.796,503761,0.2819,0.2837,2.730208,2.732119,32.3559,32.3789,
LCM_09,146,60.513,503762,0.4006,0.4009,2.738767,2.740552,32.3542,32.3772,
LCM_09,146,50.037,503763,0.4312,0.4301,2.73998,2.741737,32.3438,32.3679,
LCM_09,146,39.956,503764,0.943,0.9441,2.775408,2.7773,32.2725,32.2956,
LCM_09,146,29.710,503765,1.5033,1.5048,2.814795,2.816681,32.2006,32.2229,
LCM_09,146,20.072,503766,1.6764,1.6768,2.827454,2.829232,32.1879,32.2098,
LCM_09,146,9.688,503767,1.7592,1.7591,2.833579,2.835324,32.1857,32.2077,32.20078659057617
LCM_09,146,3.019,503768,1.9005,1.9009,2.844773,2.84649,32.1852,32.2062,
LCM_10,149,97.035,503770,0.0439,0.0437,2.711894,2.713734,32.3577,32.3821,32.36897277832031
LCM_10,149,80.495,503771,0.0503,0.0498,2.711183,2.712972,32.3512,32.3752,
LCM_10,149,60.141,503772,0.6946,0.6939,2.757868,2.759624,32.2942,32.3175,
LCM_10,149,50.638,503773,1.2578,1.2571,2.800799,2.802575,32.2645,32.2879,
LCM_10,149,41.008,503774,1.3751,1.3799,2.80957,2.81171,32.2601,32.2823,
LCM_10,149,30.648,503775,1.6897,1.6893,2.832976,2.834738,32.2378,32.2602,
LCM_10,149,20.135,503776,1.8092,1.8112,2.841898,2.843796,32.2331,32.2548,
LCM_10,149,10.003,503777,2.0032,2.0038,2.857338,2.859158,32.2333,32.2554,32.24515151977539
LCM_10,149,3.318,503778,1.9589,1.9595,2.853439,2.855216,32.2336,32.2552,
LL_09,151,1504.481,503780,3.7337,3.7338,3.290743,3.292272,34.9171,34.9351,
LL_09,151,997.859,503781,4.3865,4.3862,3.331187,3.332719,34.9584,34.9766,
LL_09,151,501.253,503782,5.2935,5.2889,3.389845,3.390981,34.9418,34.9596,
LL_09,151,249.822,503783,5.253,5.2589,3.344767,3.346899,34.5958,34.6142,34.602455139160156
LL_09,151,149.450,503784,6.0365,6.0361,3.394846,3.396395,34.4147,34.4326,
LL_09,151,101.955,503785,5.0738,5.0744,3.26499,3.266633,33.9378,33.9562,
LL_09,151,80.411,503786,4.8879,4.8883,3.228257,3.229889,33.7135,33.732,
LL_09,151,60.050,503787,4.4359,4.4368,3.157996,3.159712,33.3641,33.3833,
LL_09,151,49.319,503788,5.2886,5.2914,3.206946,3.208642,33.083,33.0997,
LL_09,151,40.065,503789,5.2802,5.2804,3.188556,3.190176,32.8859,32.9042,
LL_09,151,32.479,503790,5.281,5.2811,3.187862,3.1895,32.8809,32.8996,
LL_09,151,20.810,503791,5.2786,5.2788,3.187204,3.18888,32.8817,32.9007,
LL_09,152,11.069,503792,5.28,5.2789,3.187033,3.18866,32.8832,32.9029,32.89395523071289
LL_09,152,3.561,503793,5.2821,5.2811,3.186894,3.188529,32.8834,32.903,
LL_07,154,731.518,503795,4.482,4.4819,3.322376,3.323923,34.8907,34.9089,34.90214538574219
LL_07,154,490.912,503796,4.8272,4.827,3.335994,3.337537,34.8119,34.83,
LL_07,154,249.729,503797,7.017,7.0149,3.506627,3.507978,34.6179,34.6348,34.624488830566406
LL_07,154,151.565,503798,5.2451,5.2393,3.273625,3.274711,33.8379,33.8562,
LL_07,154,100.187,503799,2.0431,2.0428,2.925753,2.927409,32.9946,33.0155,
LL_07,154,77.552,503800,1.8811,1.8811,2.889545,2.891261,32.7234,32.7449,
LL_07,154,61.356,503801,1.694,1.6934,2.858241,2.859905,32.5336,32.5552,
LL_07,154,49.742,503802,2.3664,2.3663,2.891511,2.893244,32.2659,32.2874,
LL_07,154,39.662,503803,2.8431,2.8426,2.927396,2.92909,32.2298,32.2509,
LL_07,154,30.958,503804,2.8444,2.8441,2.92709,2.928823,32.2294,32.2507,
LL_07,154,19.965,503805,2.855,2.8548,2.92746,2.929164,32.2292,32.25,
LL_07,154,9.741,503806,2.8589,2.8583,2.927312,2.928994,32.2289,32.2499,32.24287033081055
LL_07,155,2.861,503807,2.8788,2.8777,2.929311,2.931028,32.2368,32.2588,
LL_06,157,58.891,503809,2.7483,2.7479,2.912908,2.914639,32.1383,32.1599,32.14952087402344
LL_06,157,50.595,503810,2.7495,2.7491,2.912571,2.914292,32.1375,32.1589,
LL_06,157,39.888,503811,2.7625,2.7633,2.912775,2.914554,32.1327,32.1535,
LL_06,157,28.815,503812,3.0433,3.0419,2.932566,2.93417,32.098,32.1188,
LL_06,157,20.121,503813,3.0794,3.0796,2.93467,2.936382,32.0921,32.1126,
LL_06,157,10.210,503814,3.0777,3.0777,2.934097,2.935791,32.092,32.1125,32.10476303100586
LL_06,157,2.910,503815,3.0795,3.0794,2.933864,2.935556,32.0913,32.1118,
LL_05,159,253.587,503817,2.3538,2.3538,2.935416,2.937126,32.7099,32.7309,32.71940612792969
LL_05,159,101.208,503818,1.8801,1.8796,2.863142,2.864817,32.3816,32.4031,
LL_05,159,80.036,503819,1.8324,1.8311,2.853061,2.854692,32.3162,32.3379,
LL_05,159,60.451,503820,1.818,1.8179,2.820407,2.822174,31.9336,31.9557,
LL_05,159,50.014,503821,1.8744,1.8749,2.819581,2.821339,31.8719,31.8933,
LL_05,159,40.014,503822,2.3347,2.3351,2.822875,2.824696,31.4584,31.4804,
LL_05,159,30.261,503823,2.5925,2.5911,2.8333,2.83499,31.3375,31.3595,
LL_05,159,20.549,503824,2.8505,2.8514,2.847933,2.849744,31.2684,31.2895,
LL_05,159,10.315,503825,3.0154,3.0194,2.855942,2.857939,31.2102,31.2304,31.22381591796875
LL_05,159,4.449,503826,3.0154,3.0157,2.855248,2.857008,31.2049,31.2258,
LL_04,161,101.090,503828,1.8039,1.8036,2.840529,2.842305,32.1771,32.1996,32.175880432128906
LL_04,161,81.445,503829,1.7834,1.7834,2.83083,2.832627,32.0875,32.1099,
LL_04,161,60.179,503830,2.0081,2.0178,2.814912,2.817059,31.674,31.691,
LL_04,161,51.018,503831,2.4633,2.466,2.83382,2.835685,31.4599,31.4801,
LL_04,161,39.468,503832,2.7728,2.7726,2.846972,2.848726,31.3226,31.3441,
LL_04,161,29.709,503833,3.0838,3.0788,2.864043,2.865832,31.2315,31.2579,
LL_04,161,20.527,503834,3.0868,3.0891,2.837423,2.839304,30.9133,30.9337,
LL_04,161,10.199,503835,3.1444,3.1443,2.8406,2.842339,30.9015,30.9225,30.915685653686523
LL_04,161,2.944,503836,3.1364,3.1366,2.83972,2.841466,30.9023,30.9231,
LL_03,163,131.150,503838,2.1466,2.1474,2.906845,2.908715,32.6355,32.6579,32.64683151245117
LL_03,163,100.459,503839,1.8206,1.825,2.862553,2.865053,32.4357,32.4624,
LL_03,163,80.465,503840,1.4692,1.4695,2.800205,2.80199,32.0236,32.0458,
LL_03,163,61.707,503841,1.2125,1.2129,2.756639,2.758401,31.7442,31.7662,
LL_03,163,51.033,503842,1.38,1.3802,2.759957,2.761735,31.6223,31.6446,
LL_03,163,38.532,503843,1.2618,1.2641,2.701877,2.70411,31.0138,31.0398,
LL_03,163,29.669,503844,2.4823,2.4806,2.752581,2.754269,30.4601,30.4823,
LL_03,163,19.922,503845,2.6812,2.6813,2.76486,2.766615,30.425,30.4462,
LL_03,163,9.266,503846,2.7754,2.7759,2.768804,2.770587,30.3887,30.4099,30.408645629882812
LL_03,163,2.721,503847,2.7831,2.783,2.769099,2.770859,30.3884,30.4097,
LL_02,165,133.190,503849,2.2578,2.2574,2.92438,2.926096,32.7373,32.7589,32.751216888427734
LL_02,165,98.391,503850,1.9339,1.9353,2.865826,2.867571,32.3615,32.3818,
LL_02,165,80.003,503851,1.3632,1.3538,2.782869,2.784063,31.913,31.9377,
LL_02,165,61.680,503852,1.5807,1.5789,2.777481,2.779084,31.6349,31.6568,
LL_02,165,49.326,503853,1.6167,1.6038,2.748283,2.748161,31.2395,31.2508,
LL_02,165,40.674,503854,1.6661,1.6669,2.707127,2.70896,30.681,30.7031,
LL_02,165,30.330,503855,1.9627,1.9627,2.713478,2.715247,30.4779,30.4997,
LL_02,165,19.394,503856,2.7559,2.7555,2.763181,2.764934,30.3341,30.3557,
LL_02,165,10.496,503857,2.7638,2.7637,2.763461,2.765243,30.3345,30.3562,30.34151268005371,30.341203689575195
LL_02,165,2.094,503858,2.7654,2.765,2.763185,2.764986,30.3339,30.356,
LL_01,167,85.336,503860,1.4174,1.418,2.731155,2.732389,31.2032,31.2181,31.167449951171875
LL_01,167,80.841,503861,1.4329,1.433,2.726146,2.727873,31.1272,31.1488,
LL_01,167,60.759,503862,1.6917,1.6932,2.69583,2.697663,30.5047,30.526,
LL_01,167,49.674,503863,1.7641,1.7656,2.695447,2.697391,30.4358,30.4585,
LL_01,167,39.576,503864,1.971,1.9673,2.702589,2.70425,30.3305,30.3546,
LL_01,167,29.220,503865,2.2327,2.2332,2.704963,2.706774,30.1156,30.1374,
LL_01,167,19.650,503866,2.3606,2.359,2.708492,2.710293,30.0427,30.0663,
LL_01,167,9.484,503867,2.6605,2.6606,2.727115,2.729165,29.9925,30.0171,30.0112361907959
LL_01,167,2.009,503868,2.6286,2.6298,2.724565,2.726437,29.9952,30.0167,
CSL_06,169,262.171,503870,6.5452,6.5449,3.458464,3.460024,34.5547,34.5723,34.55025100708008
CSL_06,169,200.086,503871,4.5657,4.5656,3.209553,3.211158,33.7618,33.7806,
CSL_06,169,150.078,503872,1.8721,1.8718,2.899246,2.900911,32.814,32.8352,
CSL_06,169,99.892,503873,1.0396,1.041,2.783938,2.785852,32.2479,32.2709,
CSL_06,169,79.822,503874,1.0994,1.0967,2.776292,2.777897,32.0998,32.123,
CSL_06,169,59.865,503875,1.2547,1.2551,2.782649,2.784444,32.0322,32.0545,
CSL_06,169,49.908,503876,1.1633,1.1632,2.769196,2.770971,31.9605,31.9831,
CSL_06,169,39.976,503877,1.2444,1.2444,2.771021,2.772798,31.9062,31.9287,
CSL_06,169,29.936,503878,1.5418,1.5417,2.777145,2.778889,31.6871,31.7092,
CSL_06,169,19.995,503879,2.367,2.3675,2.816182,2.817982,31.355,31.3765,
CSL_06,169,9.879,503880,2.4031,2.4029,2.817072,2.818809,31.3357,31.3571,31.35087776184082,31.351760864257812
CSL_06,169,2.461,503881,2.4114,2.4111,2.816841,2.818572,31.3286,31.3501,
CSL_05,171,471.407,503883,5.6487,5.6487,3.418129,3.419695,34.9118,34.9297,34.92079162597656
CSL_05,171,301.414,503884,6.8765,6.8767,3.514475,3.516074,34.8203,34.8377,
CSL_05,171,250.688,503885,6.9867,6.987,3.505274,3.506892,34.6329,34.6505,34.640499114990234
CSL_05,171,200.800,503886,6.0999,6.0999,3.385999,3.387613,34.2252,34.2432,
CSL_05,171,150.774,503887,3.6588,3.6619,3.101281,3.103236,33.4377,33.4579,
CSL_05,171,100.728,503888,1.4775,1.4775,2.831936,2.833637,32.4041,32.4256,
CSL_05,171,80.599,503889,1.1842,1.1845,2.789483,2.791262,32.1799,32.2023,
CSL_05,171,60.658,503890,0.791,0.7904,2.731206,2.732914,31.8507,31.8733,
CSL_05,171,51.027,503891,0.491,0.4911,2.693424,2.695224,31.677,31.7003,
CSL_05,171,40.756,503892,0.4968,0.4961,2.683177,2.684936,31.5443,31.5677,
CSL_05,171,30.285,503893,1.4914,1.4914,2.718455,2.720309,30.9997,31.023,
CSL_05,171,20.442,503894,2.1965,2.195,2.75797,2.759643,30.8059,30.8279,
CSL_05,172,9.595,503895,2.2496,2.2484,2.761218,2.762975,30.8,30.8227,30.815649032592773
CSL_05,172,2.988,503896,2.2644,2.2652,2.762086,2.763992,30.7998,30.8223,
CSL_04,174,460.860,503898,5.7207,5.7205,3.424558,3.426118,34.9158,34.9337,34.925933837890625
CSL_04,174,300.845,503899,6.8269,6.8265,3.504852,3.506405,34.7646,34.7821,
CSL_04,174,249.860,503900,6.718,6.7174,3.472877,3.474451,34.5464,34.5644,34.559322357177734
CSL_04,174,200.180,503901,5.5659,5.5665,3.324153,3.32586,34.0658,34.0846,
CSL_04,174,149.980,503902,2.8202,2.8221,2.998611,3.000523,33.0611,33.0824,
CSL_04,174,100.834,503903,1.4945,1.4947,2.832487,2.834249,32.3935,32.4156,
CSL_04,174,79.923,503904,1.2164,1.2176,2.792045,2.793883,32.1797,32.2019,
CSL_04,174,59.414,503905,1.1204,1.1207,2.766918,2.768719,31.9701,31.9928,
CSL_04,174,49.923,503906,1.0688,1.0687,2.751485,2.753255,31.8316,31.8543,
CSL_04,174,39.725,503907,0.9918,0.9916,2.734602,2.736364,31.7005,31.7232,
CSL_04,174,30.214,503908,0.9835,0.9846,2.688971,2.690829,31.1319,31.1546,
CSL_04,174,20.129,503909,1.8797,1.8781,2.744235,2.745963,30.9451,30.9681,
CSL_04,175,9.352,503910,2.3133,2.3116,2.775528,2.777268,30.914,30.937,30.925125122070312,30.92779541015625
CSL_04,175,3.660,503911,2.3222,2.3207,2.775859,2.777602,30.9124,30.9352,
CSL_03,177,325.122,503913,6.3073,6.3067,3.471288,3.472803,34.9079,34.9255,34.918251037597656
CSL_03,177,250.443,503914,6.5692,6.569,3.460711,3.462318,34.5613,34.5792,34.57632827758789
CSL_03,177,200.952,503915,5.3684,5.3688,3.300061,3.301722,33.9906,34.0091,
CSL_03,177,150.123,503916,2.5917,2.5929,2.97223,2.974006,32.9736,32.9942,
CSL_03,177,100.422,503917,1.4547,1.455,2.816609,2.818362,32.2344,32.2562,
CSL_03,177,80.460,503918,1.0668,1.0662,2.76273,2.764344,31.9601,31.9813,
CSL_03,177,59.744,503919,1.2472,1.2459,2.755623,2.757255,31.6972,31.7192,
CSL_03,177,50.284,503920,1.1701,1.1703,2.71725,2.719053,31.2936,31.3162,
CSL_03,177,39.938,503921,1.724,1.7239,2.740916,2.742713,31.0463,31.0687,
CSL_03,177,29.494,503922,1.6831,1.6831,2.733602,2.735397,31.0007,31.0232,
CSL_03,177,19.865,503923,2.143,2.1473,2.761825,2.763514,30.9057,30.9223,
CSL_03,177,9.854,503924,2.6529,2.6494,2.765202,2.766909,30.4612,30.4852,30.448694229125977
CSL_03,178,3.092,503925,2.7414,2.7403,2.763324,2.765134,30.3578,30.3807,
CSL_02,179,176.303,503927,5.5022,5.5009,3.320784,3.322268,34.104,34.1223,34.11545181274414
CSL_02,179,151.219,503928,3.535,3.5391,3.081812,3.083923,33.3316,33.3527,
CSL_02,179,101.275,503929,1.0529,1.0531,2.769108,2.770942,32.0441,32.0673,
CSL_02,179,79.903,503930,0.8911,0.8895,2.739843,2.741463,31.8481,31.8705,
CSL_02,179,60.792,503931,1.2081,1.2052,2.688378,2.690101,30.8844,30.9091,
CSL_02,179,50.701,503932,1.6894,1.6813,2.699892,2.701568,30.5628,30.5916,
CSL_02,179,39.817,503933,1.4581,1.458,2.652631,2.654441,30.2016,30.2244,
CSL_02,179,30.075,503934,1.7557,1.7556,2.672672,2.674539,30.171,30.1943,
CSL_02,179,20.050,503935,2.183,2.1839,2.685458,2.687381,29.9281,29.9509,
CSL_02,179,10.001,503936,2.6485,2.6468,2.704497,2.706263,29.7296,29.7525,29.75506591796875
CSL_02,179,2.839,503937,2.6621,2.6582,2.704798,2.706768,29.7242,29.7516,
CSL_01,181,73.110,503939,1.4478,1.4474,2.799243,2.801008,32.0373,32.0599,32.05253982543945
CSL_01,181,61.362,503940,1.1287,1.1326,2.721639,2.723566,31.3848,31.4054,
CSL_01,181,50.302,503941,1.5302,1.5287,2.68653,2.688325,30.5508,30.5748,
CSL_01,181,38.671,503942,1.8348,1.8369,2.690326,2.692115,30.3098,30.33,
CSL_01,181,29.225,503943,2.6306,2.6299,2.71363,2.715454,29.8472,29.8699,
CSL_01,181,19.149,503944,2.7617,2.7587,2.713284,2.71519,29.7261,29.7519,
CSL_01,181,9.179,503945,2.7644,2.7647,2.712272,2.714014,29.7164,29.7371,29.73199462890625
CSL_01,181,2.359,503946,2.7685,2.7684,2.711501,2.713315,29.7067,29.7287,
HL_02,184,156.696,503949,6.2736,6.2733,3.342318,3.343929,33.5851,33.6033,33.57893753051758
HL_02,184,100.064,503950,3.5028,3.5037,2.990008,2.991804,32.2935,32.3141,
HL_02,184,79.799,503951,2.5581,2.5584,2.887997,2.889743,32.0136,32.0347,
HL_02,184,59.676,503952,3.6519,3.6519,2.979371,2.981096,32.0404,32.0608,
HL_02,184,50.094,503953,3.5981,3.6242,2.968243,2.972312,31.9659,31.9886,
HL_02,184,39.809,503954,3.1862,3.1815,2.921867,2.923084,31.8218,31.841,
HL_02,184,30.109,503955,2.9746,2.9726,2.891027,2.892562,31.6633,31.6839,
HL_02,184,19.733,503956,4.1968,4.1969,2.912241,2.914003,30.7477,30.7681,
HL_02,184,9.941,503957,4.1925,4.1925,2.911432,2.913172,30.747,30.7673,30.766510009765625
HL_02,184,2.366,503958,4.1917,4.1916,2.91106,2.912097,30.7472,30.7593,
